speciesId,family,stage,attribute,classification,machineClassification,manualVisualOverride,bboxHeightRatio,bboxWidthRatio,centerOffsetX,centerOffsetY,bboxCenterOffsetX,bboxCenterOffsetY,transparentRatio,edgeContact,backgroundSuspicion,cropRisk,scaleOutlier,reason,recommendedAction
m001,F001,1,grass,KEEP,KEEP,false,0.800781,0.847656,-0.00457,0.019469,0,0,0.520283,false,false,false,false,no destructive/background/crop/family/style concern detected by audit evidence,freeze candidate
m002,F001,2,grass,KEEP,KEEP,false,0.847656,0.847656,0.017201,0.038052,0,0,0.434093,false,false,false,false,no destructive/background/crop/family/style concern detected by audit evidence,freeze candidate
m003,F001,3,grass,KEEP,KEEP,false,0.84375,0.824219,0.012584,0.046173,0,0,0.430527,false,false,false,false,no destructive/background/crop/family/style concern detected by audit evidence,freeze candidate
m004,F002,1,fire,KEEP,KEEP,false,0.84375,0.634766,-0.053654,0.017953,0.000977,0.001953,0.688839,false,false,false,false,no destructive/background/crop/family/style concern detected by audit evidence,freeze candidate
m005,F002,2,fire,KEEP,KEEP,false,0.798828,0.847656,-0.078413,-0.005566,0,0.000977,0.687546,false,false,false,false,no destructive/background/crop/family/style concern detected by audit evidence,freeze candidate
m006,F002,3,fire,KEEP,KEEP,false,0.6875,0.855469,-0.069248,-0.006685,0,0,0.686764,false,false,false,false,no destructive/background/crop/family/style concern detected by audit evidence,freeze candidate
m007,F003,1,water,KEEP,KEEP,false,0.978516,0.798828,-0.005144,0.047503,0.000977,0.000977,0.601566,false,false,false,false,no destructive/background/crop/family/style concern detected by audit evidence,freeze candidate
m008,F003,2,water,KEEP,KEEP,false,0.962891,0.912109,0.028663,0.015833,0.004883,-0.006836,0.505592,false,false,false,false,no destructive/background/crop/family/style concern detected by audit evidence,freeze candidate
m009,F003,3,water,KEEP,KEEP,false,0.984375,0.978516,0.020181,0.033212,0.000977,-0.001953,0.377533,false,false,false,false,no destructive/background/crop/family/style concern detected by audit evidence,freeze candidate
m010,F004,1,normal,KEEP,KEEP,false,0.94375,0.678125,0.000776,-0.021967,0.009375,-0.021875,0.598066,false,false,false,false,no destructive/background/crop/family/style concern detected by audit evidence,freeze candidate
m011,F004,2,normal,MANUAL_REVIEW,MANUAL_REVIEW,false,0.996875,0.95,0.006505,-0.0564,0,-0.001563,0.476624,true,false,true,false,visible content contacts canvas edge with possible clipping,manual visual review before any mutation
m012,F004,3,normal,MANUAL_REVIEW,KEEP,true,0.95,0.90625,0.00617,-0.055227,0.001563,-0.001562,0.53303,false,false,false,false,Manual visual QA: F004 stage2 m011 and stage3 m012 are effectively the same creature/pose; final-stage differentiation is unresolved.,Manual family/stage review before any mutation.
m013,F005,1,normal,NORMALIZE,NORMALIZE,false,0.720703,0.509766,0.001313,0.001382,-0.02832,-0.071289,0.771946,false,false,false,true,,Phase 2: scale/padding/centering only
m014,F005,2,normal,NORMALIZE,NORMALIZE,false,0.75,0.576172,0.000937,0.0007,0.051758,-0.056641,0.790108,false,false,false,true,,Phase 2: scale/padding/centering only
m015,F005,3,normal,KEEP,KEEP,false,0.78125,0.601563,0.000239,0.000489,0.003906,-0.011719,0.62981,false,false,false,true,no destructive/background/crop/family/style concern detected by audit evidence,freeze candidate
m016,F006,1,flying,KEEP,KEEP,false,0.859375,0.867188,-0.022774,-0.029511,0.017578,0.005859,0.627499,false,false,false,false,no destructive/background/crop/family/style concern detected by audit evidence,freeze candidate
m017,F006,2,flying,KEEP,KEEP,false,0.96875,0.984375,0.000504,-0.028837,0,-0.007813,0.534161,false,false,false,false,no destructive/background/crop/family/style concern detected by audit evidence,freeze candidate
m018,F006,3,flying,KEEP,KEEP,false,0.988281,0.982422,0.02824,-0.026481,0.000977,-0.001953,0.407284,false,false,false,false,no destructive/background/crop/family/style concern detected by audit evidence,freeze candidate
m019,F007,1,bug,KEEP,KEEP,false,0.787109,0.902344,-0.008821,0.013493,0.013672,-0.012695,0.612541,false,false,false,false,no destructive/background/crop/family/style concern detected by audit evidence,freeze candidate
m020,F007,2,bug,KEEP,KEEP,false,0.974609,0.988281,-0.024069,0.013303,0.001953,-0.00293,0.484802,false,false,false,false,no destructive/background/crop/family/style concern detected by audit evidence,freeze candidate
m021,F007,3,bug,KEEP,KEEP,false,0.994141,0.992188,-0.013178,0.023815,0,0.000977,0.393669,false,false,false,false,no destructive/background/crop/family/style concern detected by audit evidence,freeze candidate
m022,F008,1,bug,KEEP,KEEP,false,0.929688,0.708984,0.037532,-0.029281,0.036133,0,0.727688,false,false,false,false,no destructive/background/crop/family/style concern detected by audit evidence,freeze candidate
m023,F008,2,bug,KEEP,KEEP,false,0.980469,0.9375,0.049878,-0.051003,0.011719,-0.001953,0.556534,false,false,false,false,no destructive/background/crop/family/style concern detected by audit evidence,freeze candidate
m024,F008,3,bug,KEEP,KEEP,false,0.970703,0.951172,0.054277,-0.04904,0.010742,0.000977,0.499416,false,false,false,false,no destructive/background/crop/family/style concern detected by audit evidence,freeze candidate
m025,F009,1,electric,KEEP,KEEP,false,0.763672,0.769531,-0.00446,-0.012472,0.003906,-0.006836,0.624039,false,false,false,false,no destructive/background/crop/family/style concern detected by audit evidence,freeze candidate
m026,F009,2,electric,KEEP,KEEP,false,0.757813,0.794922,0.009371,-0.008257,0.008789,-0.005859,0.6236,false,false,false,false,no destructive/background/crop/family/style concern detected by audit evidence,freeze candidate
m027,F009,3,electric,KEEP,KEEP,false,0.785156,0.808594,0.017158,-0.011413,0,-0.007813,0.580498,false,false,false,false,no destructive/background/crop/family/style concern detected by audit evidence,freeze candidate
m028,F010,1,electric,KEEP,KEEP,false,0.814453,0.810547,-0.013229,-0.06052,0.004883,-0.000977,0.757282,false,false,false,false,no destructive/background/crop/family/style concern detected by audit evidence,freeze candidate
m029,F010,2,electric,KEEP,KEEP,false,0.804688,0.806641,0.001901,-0.058741,-0.000977,0,0.699383,false,false,false,false,no destructive/background/crop/family/style concern detected by audit evidence,freeze candidate
m030,F010,3,electric,KEEP,KEEP,false,0.814453,0.820313,-0.003036,-0.062779,0,0.000977,0.636063,false,false,false,false,no destructive/background/crop/family/style concern detected by audit evidence,freeze candidate
m031,F011,1,ground,KEEP,KEEP,false,0.787109,0.893555,0.006555,0.008704,0.001465,0.001953,0.620676,false,false,false,false,no destructive/background/crop/family/style concern detected by audit evidence,freeze candidate
m032,F011,2,ground,KEEP,KEEP,false,0.857422,0.949219,0.05484,0.015319,0.006836,0.003906,0.524076,false,false,false,false,no destructive/background/crop/family/style concern detected by audit evidence,freeze candidate
m033,F011,3,ground,KEEP,KEEP,false,0.876953,0.953125,0.034284,0.009956,0,0.003906,0.492455,false,false,false,false,no destructive/background/crop/family/style concern detected by audit evidence,freeze candidate
m034,F012,1,rock,KEEP,KEEP,false,0.800781,0.761719,-0.004889,0.016772,0,0,0.632374,false,false,false,false,no destructive/background/crop/family/style concern detected by audit evidence,freeze candidate
m035,F012,2,rock,KEEP,KEEP,false,0.789063,0.800781,0.013463,0.016204,0,0,0.626118,false,false,false,false,no destructive/background/crop/family/style concern detected by audit evidence,freeze candidate
m036,F012,3,rock,KEEP,KEEP,false,0.763672,0.800781,0.015228,0.014841,0,-0.000977,0.606567,false,false,false,false,no destructive/background/crop/family/style concern detected by audit evidence,freeze candidate
m037,F013,1,water,KEEP,KEEP,false,0.878906,0.964844,0.026349,0.050243,0,-0.015625,0.60651,false,false,false,false,no destructive/background/crop/family/style concern detected by audit evidence,freeze candidate
m038,F013,2,water,KEEP,KEEP,false,0.976563,0.986328,0.071267,-0.007489,0.000977,0,0.437366,false,false,false,false,no destructive/background/crop/family/style concern detected by audit evidence,freeze candidate
m039,F013,3,water,KEEP,KEEP,false,0.962891,0.992188,0.034462,0.020801,0.001953,-0.004883,0.341774,false,false,false,false,no destructive/background/crop/family/style concern detected by audit evidence,freeze candidate
m040,F014,1,grass,KEEP,KEEP,false,0.683594,0.886719,-0.005814,0.052165,0,0,0.598969,false,false,false,false,no destructive/background/crop/family/style concern detected by audit evidence,freeze candidate
m041,F014,2,grass,KEEP,KEEP,false,0.683594,0.878906,-0.029962,0.029944,0,0,0.572872,false,false,false,false,no destructive/background/crop/family/style concern detected by audit evidence,freeze candidate
m042,F014,3,grass,NORMALIZE,NORMALIZE,false,0.421875,0.875,-0.019581,0.024993,0,0,0.725391,false,false,false,false,apparent character scale/transparent whitespace is outside preferred roster range,Phase 2: scale/padding/centering only
m043,F015,1,poison,KEEP,KEEP,false,0.876953,0.806641,-0.012991,0.082214,0.036133,-0.018555,0.625397,false,false,false,false,no destructive/background/crop/family/style concern detected by audit evidence,freeze candidate
m044,F015,2,poison,KEEP,KEEP,false,0.970703,0.943359,-0.012216,0.054496,0.004883,0.00293,0.395664,false,false,false,false,no destructive/background/crop/family/style concern detected by audit evidence,freeze candidate
m045,F015,3,poison,MANUAL_REVIEW,MANUAL_REVIEW,false,0.988281,0.916016,0.005674,0.052417,0.004883,-0.005859,0.310772,true,false,true,false,visible content contacts canvas edge with possible clipping,manual visual review before any mutation
m046,F016,1,fight,KEEP,KEEP,false,0.720703,0.673828,-0.007794,0.002702,0.000977,0.000977,0.726677,false,false,false,false,no destructive/background/crop/family/style concern detected by audit evidence,freeze candidate
m047,F016,2,fight,KEEP,KEEP,false,0.738281,0.576172,0.007476,0.016566,-0.000977,-0.001953,0.782921,false,false,false,false,no destructive/background/crop/family/style concern detected by audit evidence,freeze candidate
m048,F016,3,fight,KEEP,KEEP,false,0.886719,0.666016,0.010743,-0.023789,-0.000977,0,0.667854,false,false,false,false,no destructive/background/crop/family/style concern detected by audit evidence,freeze candidate
m049,F017,1,fairy,KEEP,KEEP,false,0.785156,0.931641,0.007667,0.067969,0.016602,0.064453,0.522804,false,false,false,false,no destructive/background/crop/family/style concern detected by audit evidence,freeze candidate
m050,F017,2,fairy,KEEP,KEEP,false,0.689453,0.888672,0.044547,0.027858,0.047852,-0.006836,0.672504,false,false,false,false,no destructive/background/crop/family/style concern detected by audit evidence,freeze candidate
m051,F017,3,fairy,NORMALIZE,NORMALIZE,false,0.654297,0.904297,0.00243,0.020731,-0.047852,0.006836,0.689079,true,false,false,false,apparent character scale/transparent whitespace is outside preferred roster range,Phase 2: scale/padding/centering only
m052,F018,1,psychic,KEEP,KEEP,false,0.925781,0.884766,0.012461,-0.077883,-0.000977,-0.011719,0.570869,false,false,false,false,no destructive/background/crop/family/style concern detected by audit evidence,freeze candidate
m053,F018,2,psychic,KEEP,KEEP,false,0.863281,0.916016,-0.002055,-0.016799,0.000977,-0.005859,0.661888,false,false,false,false,no destructive/background/crop/family/style concern detected by audit evidence,freeze candidate
m054,F018,3,psychic,KEEP,KEEP,false,0.861328,0.804688,0.002762,0.006012,0.001953,-0.022461,0.635284,false,false,false,false,no destructive/background/crop/family/style concern detected by audit evidence,freeze candidate
m055,F019,1,fire,KEEP,KEEP,false,0.810547,0.646484,0.003983,0.000747,-0.000977,-0.00293,0.68441,false,false,false,false,no destructive/background/crop/family/style concern detected by audit evidence,freeze candidate
m056,F019,2,fire,KEEP,KEEP,false,0.761719,0.818359,0.017747,0.023941,0.000977,-0.009766,0.615868,false,false,false,false,no destructive/background/crop/family/style concern detected by audit evidence,freeze candidate
m057,F019,3,fire,KEEP,NORMALIZE,true,0.542969,0.833984,0.005771,0.021549,0.000977,0,0.66029,false,false,false,false,"Manual visual QA: horizontal final-stage silhouette fills the card width and has strong apparent presence; low bbox height is shape-driven, not underscaling.",Freeze candidate.
m058,F020,1,fire,KEEP,NORMALIZE,true,0.804688,0.585938,0.010533,0.104062,0,0.001953,0.735069,false,false,false,false,"Manual visual QA: bbox is centered; alpha centroid is bottom-heavy because the flame/body mass is intentionally lower in the silhouette, not because canvas placement is wrong.",Freeze candidate.
m059,F020,2,fire,KEEP,KEEP,false,0.8125,0.705078,0.004519,0.048245,0.000977,0,0.656078,false,false,false,false,no destructive/background/crop/family/style concern detected by audit evidence,freeze candidate
m060,F020,3,fire,KEEP,NORMALIZE,true,0.675781,0.833984,-0.003322,0.070849,0.000977,0.011719,0.639675,false,false,false,false,Manual visual QA: wide final-stage silhouette has sufficient apparent presence; low bbox height is shape-driven.,Freeze candidate.
m061,F021,1,ground,KEEP,KEEP,false,0.917969,0.762695,-0.012491,-0.011495,0.038574,0.001953,0.709647,false,false,false,false,no destructive/background/crop/family/style concern detected by audit evidence,freeze candidate
m062,F021,2,ground,KEEP,KEEP,false,0.973633,0.894531,0.024148,-0.006258,0.040039,-0.001465,0.450752,false,false,false,false,no destructive/background/crop/family/style concern detected by audit evidence,freeze candidate
m063,F021,3,ground,KEEP,KEEP,false,0.928711,0.887695,-0.019123,-0.006399,0.006348,-0.004395,0.548002,false,false,false,false,no destructive/background/crop/family/style concern detected by audit evidence,freeze candidate
m064,F022,1,rock,NORMALIZE,NORMALIZE,false,0.667969,0.720703,-0.04594,0.019203,-0.000977,0.005859,0.74728,false,false,false,false,apparent character scale/transparent whitespace is outside preferred roster range,Phase 2: scale/padding/centering only
m065,F022,2,rock,NORMALIZE,NORMALIZE,false,0.623047,0.769531,-0.027861,-0.011378,0,0.004883,0.700012,false,false,false,false,apparent character scale/transparent whitespace is outside preferred roster range,Phase 2: scale/padding/centering only
m066,F022,3,rock,KEEP,KEEP,false,0.736328,0.820313,-0.053451,0.032139,0,0.004883,0.680592,false,false,false,false,no destructive/background/crop/family/style concern detected by audit evidence,freeze candidate
m067,F023,1,steel,KEEP,KEEP,false,0.902344,0.779297,-0.067246,-0.008944,0.016602,0,0.651814,false,false,false,false,no destructive/background/crop/family/style concern detected by audit evidence,freeze candidate
m068,F023,2,steel,KEEP,KEEP,false,0.898438,0.845703,-0.00715,0.001219,0.02832,0,0.575417,false,false,false,false,no destructive/background/crop/family/style concern detected by audit evidence,freeze candidate
m069,F023,3,steel,KEEP,KEEP,false,0.886719,0.898438,0.021896,0.011597,-0.001953,0,0.508072,false,false,false,false,no destructive/background/crop/family/style concern detected by audit evidence,freeze candidate
m070,F024,1,electric,KEEP,KEEP,false,0.8125,0.722656,-0.000225,-0.011461,0.019531,0,0.74065,false,false,false,false,no destructive/background/crop/family/style concern detected by audit evidence,freeze candidate
m071,F024,2,electric,KEEP,KEEP,false,0.816406,0.792969,0.001169,-0.009043,0,0,0.647228,false,false,false,false,no destructive/background/crop/family/style concern detected by audit evidence,freeze candidate
m072,F024,3,electric,KEEP,KEEP,false,0.808594,0.818359,0.006761,-0.003932,-0.000977,-0.001953,0.589272,false,false,false,false,no destructive/background/crop/family/style concern detected by audit evidence,freeze candidate
m073,F025,1,water,KEEP,KEEP,false,0.890625,0.966797,0.007222,0.013245,0.00293,-0.027344,0.66642,false,false,false,false,no destructive/background/crop/family/style concern detected by audit evidence,freeze candidate
m074,F025,2,water,KEEP,KEEP,false,0.947266,0.980469,0.00788,0.002234,0.001953,-0.010742,0.606354,false,false,false,false,no destructive/background/crop/family/style concern detected by audit evidence,freeze candidate
m075,F025,3,water,KEEP,KEEP,false,0.972656,0.984375,0.009981,0.017177,0,-0.003906,0.455723,false,false,false,false,no destructive/background/crop/family/style concern detected by audit evidence,freeze candidate
m076,F026,1,water,KEEP,KEEP,false,0.912109,0.814453,0.028515,-0.059382,0.022461,0.000977,0.558559,false,false,false,false,no destructive/background/crop/family/style concern detected by audit evidence,freeze candidate
m077,F026,2,water,KEEP,KEEP,false,0.962891,0.914063,0.027202,-0.04813,0.007813,0.00293,0.431816,false,false,false,false,no destructive/background/crop/family/style concern detected by audit evidence,freeze candidate
m078,F026,3,water,KEEP,KEEP,false,0.984375,0.951172,0.005008,-0.010233,-0.000977,0,0.324387,false,false,false,false,no destructive/background/crop/family/style concern detected by audit evidence,freeze candidate
m079,F027,1,poison,KEEP,KEEP,false,0.958984,0.90625,0.017994,0.010237,-0.003906,0.00293,0.526123,false,false,false,false,no destructive/background/crop/family/style concern detected by audit evidence,freeze candidate
m080,F027,2,poison,KEEP,KEEP,false,0.992188,0.925781,0.010652,-0.031597,-0.001953,0.001953,0.381092,false,false,false,false,no destructive/background/crop/family/style concern detected by audit evidence,freeze candidate
m081,F027,3,poison,MANUAL_REVIEW,MANUAL_REVIEW,false,0.992188,0.917969,0.026211,0.00708,0.001953,-0.003906,0.353588,true,false,true,false,visible content contacts canvas edge with possible clipping,manual visual review before any mutation
m082,F028,1,grass,KEEP,KEEP,false,0.847656,0.833984,0.026478,-0.035948,-0.000977,0,0.655891,false,false,false,false,no destructive/background/crop/family/style concern detected by audit evidence,freeze candidate
m083,F028,2,grass,KEEP,KEEP,false,0.847656,0.722656,-0.022651,0.010127,0,0,0.593945,false,false,false,false,no destructive/background/crop/family/style concern detected by audit evidence,freeze candidate
m084,F028,3,grass,KEEP,KEEP,false,0.822266,0.847656,0.014346,0.022784,0,-0.000977,0.443512,false,false,false,false,no destructive/background/crop/family/style concern detected by audit evidence,freeze candidate
m085,F029,1,grass,KEEP,KEEP,false,0.839844,0.847656,-0.020398,0.079481,0,0,0.590748,false,false,false,false,no destructive/background/crop/family/style concern detected by audit evidence,freeze candidate
m086,F029,2,grass,KEEP,KEEP,false,0.847656,0.722656,0.016448,0.035371,0,0,0.558979,false,false,false,false,no destructive/background/crop/family/style concern detected by audit evidence,freeze candidate
m087,F029,3,grass,KEEP,KEEP,false,0.771484,0.847656,0.023873,0.051976,0,-0.000977,0.480999,false,false,false,false,no destructive/background/crop/family/style concern detected by audit evidence,freeze candidate
m088,F030,1,fight,KEEP,KEEP,false,0.720703,0.632813,0.012617,0.059769,0,0.000977,0.699478,false,false,false,false,no destructive/background/crop/family/style concern detected by audit evidence,freeze candidate
m089,F030,2,fight,KEEP,KEEP,false,0.78125,0.767578,0.02504,0.065873,0.000977,0,0.655514,false,false,false,false,no destructive/background/crop/family/style concern detected by audit evidence,freeze candidate
m090,F030,3,fight,KEEP,KEEP,false,0.738281,0.707031,-0.030641,0.008585,0,0,0.678009,false,false,false,false,no destructive/background/crop/family/style concern detected by audit evidence,freeze candidate
m091,F031,1,fight,KEEP,KEEP,false,0.730469,0.917969,-0.033583,-0.011267,0,0,0.744987,false,false,false,false,no destructive/background/crop/family/style concern detected by audit evidence,freeze candidate
m092,F031,2,fight,KEEP,KEEP,false,0.78125,0.765625,-0.006005,-0.006067,0,0,0.781345,false,false,false,false,no destructive/background/crop/family/style concern detected by audit evidence,freeze candidate
m093,F031,3,fight,KEEP,KEEP,false,0.744141,0.875,0.019522,0.019512,0,0.000977,0.649014,false,false,false,false,no destructive/background/crop/family/style concern detected by audit evidence,freeze candidate
m094,F032,1,flying,KEEP,KEEP,false,0.775391,0.951172,0.027187,-0.012887,-0.012695,-0.020508,0.618423,false,false,false,false,no destructive/background/crop/family/style concern detected by audit evidence,freeze candidate
m095,F032,2,flying,KEEP,KEEP,false,0.980469,0.988281,0.017127,-0.024167,0,0,0.529678,false,false,false,false,no destructive/background/crop/family/style concern detected by audit evidence,freeze candidate
m096,F032,3,flying,KEEP,KEEP,false,0.976563,0.984375,0.007192,-0.011022,0,-0.001953,0.326344,false,false,false,false,no destructive/background/crop/family/style concern detected by audit evidence,freeze candidate
m097,F033,1,psychic,KEEP,KEEP,false,0.910156,0.890625,-0.000302,-0.033749,0,-0.009766,0.709625,false,false,false,false,no destructive/background/crop/family/style concern detected by audit evidence,freeze candidate
m098,F033,2,psychic,KEEP,KEEP,false,0.914063,0.748047,-0.001375,-0.042362,-0.00293,-0.001953,0.668526,false,false,false,false,no destructive/background/crop/family/style concern detected by audit evidence,freeze candidate
m099,F033,3,psychic,KEEP,KEEP,false,0.974609,0.683594,0.005025,-0.027275,0.003906,-0.004883,0.696114,false,false,false,false,no destructive/background/crop/family/style concern detected by audit evidence,freeze candidate
m100,F034,1,normal,KEEP,KEEP,false,0.985938,0.882813,0.063131,-0.016811,0.046094,-0.000781,0.470874,false,false,false,false,no destructive/background/crop/family/style concern detected by audit evidence,freeze candidate
m101,F034,2,normal,KEEP,KEEP,false,0.9875,0.925,0.000493,-0.045933,-0.001563,-0.001563,0.457175,false,false,false,false,no destructive/background/crop/family/style concern detected by audit evidence,freeze candidate
m102,F034,3,normal,KEEP,KEEP,false,0.989062,0.95,-0.00298,-0.003275,-0.001562,-0.003906,0.394404,false,false,false,false,no destructive/background/crop/family/style concern detected by audit evidence,freeze candidate
m103,F035,1,ice,NORMALIZE,NORMALIZE,false,0.626953,0.644531,-0.011687,0.028132,0.003906,-0.000977,0.70647,false,false,false,false,apparent character scale/transparent whitespace is outside preferred roster range,Phase 2: scale/padding/centering only
m104,F035,2,ice,KEEP,KEEP,false,0.714844,0.792969,-0.024489,0.023866,-0.003906,0,0.599342,false,false,false,false,no destructive/background/crop/family/style concern detected by audit evidence,freeze candidate
m105,F035,3,ice,KEEP,KEEP,false,0.691406,0.884766,-0.040263,0.050875,-0.00293,0.001953,0.605274,false,false,false,false,no destructive/background/crop/family/style concern detected by audit evidence,freeze candidate
m106,F036,1,dark,KEEP,KEEP,false,0.835938,0.912109,0.005945,-0.026778,0.016602,-0.003906,0.619011,false,false,false,false,no destructive/background/crop/family/style concern detected by audit evidence,freeze candidate
m107,F036,2,dark,KEEP,KEEP,false,0.898438,0.888672,0.009595,-0.040546,0.00293,0.007813,0.630604,false,false,false,false,no destructive/background/crop/family/style concern detected by audit evidence,freeze candidate
m108,F036,3,dark,KEEP,KEEP,false,0.96875,0.966797,0.020305,-0.03488,-0.00293,0.001953,0.539318,false,false,false,false,no destructive/background/crop/family/style concern detected by audit evidence,freeze candidate
m109,F037,1,ghost,KEEP,NORMALIZE,true,0.841797,0.544922,-0.014942,-0.008219,-0.047852,-0.000977,0.685543,false,false,false,false,Manual visual QA: tall/narrow ghost silhouette has sufficient card presence; lateral transparent margin is intentional shape space.,Freeze candidate.
m110,F037,2,ghost,KEEP,NORMALIZE,true,0.859375,0.546875,-0.072771,-0.007003,-0.001953,0,0.706291,false,false,false,false,Manual visual QA: tall/narrow ghost silhouette has sufficient card presence; lateral transparent margin is intentional shape space.,Freeze candidate.
m111,F037,3,ghost,KEEP,NORMALIZE,true,0.867188,0.449219,-0.011414,0.006999,-0.001953,0,0.719444,false,false,false,false,Manual visual QA: tall/narrow ghost silhouette has sufficient card presence; lateral transparent margin is intentional shape space.,Freeze candidate.
m112,F038,1,ghost,KEEP,KEEP,false,0.841797,0.730469,0.004789,0.068483,0.042969,0.000977,0.657677,false,false,false,false,no destructive/background/crop/family/style concern detected by audit evidence,freeze candidate
m113,F038,2,ghost,KEEP,NORMALIZE,true,0.861328,0.535156,-0.037398,0.007011,-0.003906,-0.000977,0.714039,false,false,false,false,Manual visual QA: tall/narrow lantern silhouette has sufficient card presence; lateral transparent margin is intentional shape space.,Freeze candidate.
m114,F038,3,ghost,KEEP,NORMALIZE,true,0.884766,0.408203,0.002907,-0.014217,-0.010742,0.006836,0.725052,false,false,false,false,Manual visual QA: tall/narrow lantern silhouette has sufficient card presence; lateral transparent margin is intentional shape space.,Freeze candidate.
m115,F039,1,fairy,KEEP,KEEP,false,0.855469,0.908203,-0.045199,-0.009788,-0.024414,0.019531,0.600235,false,false,false,false,no destructive/background/crop/family/style concern detected by audit evidence,freeze candidate
m116,F039,2,fairy,KEEP,KEEP,false,0.929688,0.882813,0.006002,-0.046643,0,-0.001953,0.614799,false,false,false,false,no destructive/background/crop/family/style concern detected by audit evidence,freeze candidate
m117,F040,1,normal,KEEP,KEEP,false,0.992188,0.970313,-0.023296,-0.035127,-0.002344,-0.002344,0.441843,false,false,false,false,no destructive/background/crop/family/style concern detected by audit evidence,freeze candidate
m118,F040,2,normal,KEEP,KEEP,false,0.984375,0.985938,0.011263,0.011538,-0.000781,0.001562,0.322043,false,false,false,false,no destructive/background/crop/family/style concern detected by audit evidence,freeze candidate
m119,F041,1,ice,KEEP,KEEP,false,0.933594,0.816406,-0.003366,-0.037523,0.013672,-0.023438,0.652485,false,false,false,false,no destructive/background/crop/family/style concern detected by audit evidence,freeze candidate
m120,F041,2,ice,KEEP,KEEP,false,0.964844,0.894531,0.030116,-0.011783,0.021484,-0.001953,0.545429,false,false,false,false,no destructive/background/crop/family/style concern detected by audit evidence,freeze candidate
m121,F041,3,ice,KEEP,KEEP,false,0.982422,0.962891,0.010545,-0.01406,0.006836,0.000977,0.39109,false,false,false,false,no destructive/background/crop/family/style concern detected by audit evidence,freeze candidate
m122,F042,1,ice,NORMALIZE,NORMALIZE,false,0.625,0.847656,-0.003036,0.037512,0.001953,0.011719,0.696636,false,false,false,false,apparent character scale/transparent whitespace is outside preferred roster range,Phase 2: scale/padding/centering only
m123,F042,2,ice,KEEP,KEEP,false,0.814453,0.875,0.004148,0.017348,0,-0.016602,0.592133,false,false,false,false,no destructive/background/crop/family/style concern detected by audit evidence,freeze candidate
m124,F042,3,ice,KEEP,KEEP,false,0.886719,0.886719,0.005662,0.037921,0,0,0.538647,false,false,false,false,no destructive/background/crop/family/style concern detected by audit evidence,freeze candidate
m125,F043,1,ice,KEEP,KEEP,false,0.773438,0.669922,0.009085,0.022611,0.012695,0,0.75013,false,false,false,false,no destructive/background/crop/family/style concern detected by audit evidence,freeze candidate
m126,F043,2,ice,KEEP,KEEP,false,0.765625,0.638672,0.009951,0.030564,0.006836,-0.001953,0.751667,false,false,false,false,no destructive/background/crop/family/style concern detected by audit evidence,freeze candidate
m127,F043,3,ice,KEEP,KEEP,false,0.789063,0.630859,0.013049,0.028672,-0.00293,-0.007813,0.740154,false,false,false,false,no destructive/background/crop/family/style concern detected by audit evidence,freeze candidate
m128,F044,1,water,KEEP,KEEP,false,0.857422,0.947266,-0.017556,0.035051,-0.000977,0.00293,0.491253,false,false,false,false,no destructive/background/crop/family/style concern detected by audit evidence,freeze candidate
m129,F044,2,water,MANUAL_REVIEW,MANUAL_REVIEW,false,0.96875,0.992188,0.023498,0.02252,0.003906,-0.005859,0.387661,true,false,true,false,visible content contacts canvas edge with possible clipping,manual visual review before any mutation
m130,F044,3,water,MANUAL_REVIEW,MANUAL_REVIEW,false,0.994141,1,0.026609,0.020049,0,-0.00293,0.333298,true,false,true,false,visible content contacts canvas edge with possible clipping,manual visual review before any mutation
m131,F045,1,water,KEEP,KEEP,false,0.976563,0.691406,0.021475,0.008854,-0.015625,0,0.62748,false,false,false,false,no destructive/background/crop/family/style concern detected by audit evidence,freeze candidate
m132,F045,2,water,KEEP,KEEP,false,0.994141,0.765625,0.043715,-0.020911,0.021484,0.000977,0.524654,false,false,false,false,no destructive/background/crop/family/style concern detected by audit evidence,freeze candidate
m133,F045,3,water,MANUAL_REVIEW,MANUAL_REVIEW,false,1,0.875,0.017891,-0.021295,0,0,0.449547,true,false,true,false,visible content contacts canvas edge with possible clipping,manual visual review before any mutation
m134,F046,1,grass,KEEP,KEEP,false,0.683594,0.830078,-0.014617,0.022453,0.000977,0,0.604897,false,false,false,false,no destructive/background/crop/family/style concern detected by audit evidence,freeze candidate
m135,F046,2,grass,NORMALIZE,NORMALIZE,false,0.679688,0.914063,-0.003008,-0.008115,0,0,0.524094,false,false,false,false,apparent character scale/transparent whitespace is outside preferred roster range,Phase 2: scale/padding/centering only
m136,F046,3,grass,NORMALIZE,NORMALIZE,false,0.414063,0.875,-0.047249,0.005337,0,0,0.684406,false,false,false,false,apparent character scale/transparent whitespace is outside preferred roster range,Phase 2: scale/padding/centering only
m137,F047,1,bug,KEEP,KEEP,false,0.939453,0.833984,-0.030157,0.009248,0.036133,0.004883,0.660133,false,false,false,false,no destructive/background/crop/family/style concern detected by audit evidence,freeze candidate
m138,F047,2,bug,KEEP,KEEP,false,0.972656,0.919922,0.010421,-0.031952,0.008789,0,0.519737,false,false,false,false,no destructive/background/crop/family/style concern detected by audit evidence,freeze candidate
m139,F047,3,bug,KEEP,KEEP,false,0.976563,0.958984,0.021701,-0.022366,0.008789,0.001953,0.443954,false,false,false,false,no destructive/background/crop/family/style concern detected by audit evidence,freeze candidate
m140,F048,1,bug,KEEP,KEEP,false,0.828125,0.839844,-0.007232,-0.021533,-0.039063,0.050781,0.694328,false,false,false,true,no destructive/background/crop/family/style concern detected by audit evidence,freeze candidate
m141,F048,2,bug,MANUAL_REVIEW,MANUAL_REVIEW,false,0.998047,0.994141,0.055958,-0.031444,0.00293,-0.000977,0.515354,true,false,true,false,visible content contacts canvas edge with possible clipping,manual visual review before any mutation
m142,F048,3,bug,MANUAL_REVIEW,MANUAL_REVIEW,false,0.998047,0.994141,0.069508,-0.025626,0.00293,-0.000977,0.41774,true,false,true,false,visible content contacts canvas edge with possible clipping,manual visual review before any mutation
m143,F049,1,psychic,KEEP,KEEP,false,0.873047,0.933594,-0.013959,0.013987,0.003906,-0.00293,0.698524,false,false,false,false,no destructive/background/crop/family/style concern detected by audit evidence,freeze candidate
m144,F049,2,psychic,KEEP,KEEP,false,0.951172,0.808594,0.000657,-0.048627,0,-0.008789,0.70705,false,false,false,false,no destructive/background/crop/family/style concern detected by audit evidence,freeze candidate
m145,F050,1,ghost,KEEP,KEEP,false,0.847656,0.679688,-0.028449,0.059563,0.009766,0,0.703781,false,false,false,false,no destructive/background/crop/family/style concern detected by audit evidence,freeze candidate
m146,F050,2,ghost,KEEP,NORMALIZE,true,0.867188,0.511719,-0.04461,0.029349,0,0,0.739052,false,false,false,false,Manual visual QA: tall/narrow book-spirit silhouette is well centered and sufficiently large; width alone does not justify normalization.,Freeze candidate.
m147,F050,3,ghost,KEEP,NORMALIZE,true,0.878906,0.470703,-0.012181,-0.014946,-0.000977,-0.005859,0.659763,false,false,false,false,Manual visual QA: tall/narrow book-spirit silhouette is well centered and sufficiently large; width alone does not justify normalization.,Freeze candidate.
m148,F051,1,dark,KEEP,KEEP,false,0.931641,0.894531,-0.004309,-0.017023,0.027344,-0.004883,0.655697,false,false,false,false,no destructive/background/crop/family/style concern detected by audit evidence,freeze candidate
m149,F051,2,dark,KEEP,KEEP,false,0.962891,0.978516,0.006048,0.002074,0.000977,0.008789,0.575729,false,false,false,false,no destructive/background/crop/family/style concern detected by audit evidence,freeze candidate
m150,F051,3,dark,KEEP,KEEP,false,0.945313,0.970703,0.005422,0.006548,0.000977,0.021484,0.617115,false,false,false,false,no destructive/background/crop/family/style concern detected by audit evidence,freeze candidate
m151,F052,1,dark,KEEP,KEEP,false,0.849609,0.935547,-0.023306,-0.026154,-0.004883,-0.022461,0.53941,false,false,false,false,no destructive/background/crop/family/style concern detected by audit evidence,freeze candidate
m152,F052,2,dark,KEEP,KEEP,false,0.712891,0.953125,-0.018944,0.030788,-0.001953,0.006836,0.635685,false,false,false,false,no destructive/background/crop/family/style concern detected by audit evidence,freeze candidate
m153,F052,3,dark,KEEP,KEEP,false,0.853516,0.966797,0.00462,0.024796,0.004883,0.016602,0.523956,false,false,false,false,no destructive/background/crop/family/style concern detected by audit evidence,freeze candidate
m154,F053,1,steel,KEEP,NORMALIZE,true,0.625,0.902344,-0.009489,0.002928,0,-0.017578,0.688473,false,false,false,false,Manual visual QA: wide armored body fills the production card strongly; reduced height is body-plan driven.,Freeze candidate.
m155,F053,2,steel,KEEP,KEEP,false,0.75,0.894531,0.008296,0.005212,0.001953,-0.029297,0.619507,false,false,false,false,no destructive/background/crop/family/style concern detected by audit evidence,freeze candidate
m156,F053,3,steel,KEEP,KEEP,false,0.816406,0.90625,0.023091,0.036301,0,0,0.551128,false,false,false,false,no destructive/background/crop/family/style concern detected by audit evidence,freeze candidate
m157,F054,1,rock,KEEP,KEEP,false,0.740234,0.748047,-0.019096,-0.007905,0.024414,-0.020508,0.661823,false,false,false,false,no destructive/background/crop/family/style concern detected by audit evidence,freeze candidate
m158,F054,2,rock,KEEP,KEEP,false,0.724609,0.769531,0.017486,-0.00885,0.001953,-0.004883,0.695099,false,false,false,false,no destructive/background/crop/family/style concern detected by audit evidence,freeze candidate
m159,F054,3,rock,KEEP,KEEP,false,0.789063,0.798828,0.031027,0.00162,0.000977,-0.001953,0.648216,false,false,false,false,no destructive/background/crop/family/style concern detected by audit evidence,freeze candidate
m160,F055,1,ground,NORMALIZE,NORMALIZE,false,0.643555,0.71875,-0.006788,0.063004,0,-0.000488,0.707828,false,false,false,false,apparent character scale/transparent whitespace is outside preferred roster range,Phase 2: scale/padding/centering only
m161,F055,2,ground,KEEP,KEEP,false,0.765625,0.777344,0.010187,0.036421,0,0,0.537785,false,false,false,false,no destructive/background/crop/family/style concern detected by audit evidence,freeze candidate
m162,F055,3,ground,KEEP,KEEP,false,0.796875,0.775391,-0.002526,0.060655,0.00293,-0.001953,0.497528,false,false,false,false,no destructive/background/crop/family/style concern detected by audit evidence,freeze candidate
m163,F056,1,ground,KEEP,KEEP,false,0.856445,0.875,0.009724,0.044196,0.010742,-0.008301,0.530867,false,false,false,false,no destructive/background/crop/family/style concern detected by audit evidence,freeze candidate
m164,F056,2,ground,KEEP,KEEP,false,0.895508,0.964844,-0.002877,0.028737,0.005859,0.000488,0.406301,false,false,false,false,no destructive/background/crop/family/style concern detected by audit evidence,freeze candidate
m165,F056,3,ground,KEEP,KEEP,false,0.958008,0.950195,0.000255,0.050979,-0.000488,0.002441,0.389868,false,false,false,false,no destructive/background/crop/family/style concern detected by audit evidence,freeze candidate
m166,F057,1,poison,KEEP,KEEP,false,0.929688,0.708984,0.003973,0.05689,-0.00293,-0.013672,0.599312,false,false,false,false,no destructive/background/crop/family/style concern detected by audit evidence,freeze candidate
m167,F057,2,poison,MANUAL_REVIEW,MANUAL_REVIEW,false,0.986328,0.974609,0.057718,0.066353,-0.000977,-0.006836,0.401756,true,false,true,false,visible content contacts canvas edge with possible clipping,manual visual review before any mutation
m168,F057,3,poison,KEEP,KEEP,false,0.984375,0.888672,0.033733,0.053433,0.00293,-0.001953,0.39249,false,false,false,false,no destructive/background/crop/family/style concern detected by audit evidence,freeze candidate
m169,F058,1,fight,KEEP,KEEP,false,0.867188,0.826172,-0.014354,0.032841,-0.006836,-0.009766,0.589779,false,false,false,false,no destructive/background/crop/family/style concern detected by audit evidence,freeze candidate
m170,F058,2,fight,KEEP,KEEP,false,0.884766,0.705078,-0.043423,0.049731,-0.040039,0.000977,0.592674,false,false,false,false,no destructive/background/crop/family/style concern detected by audit evidence,freeze candidate
m171,F058,3,fight,KEEP,KEEP,false,0.914063,0.683594,-0.005531,0.000395,-0.009766,0.011719,0.559513,false,false,false,false,no destructive/background/crop/family/style concern detected by audit evidence,freeze candidate
m172,F059,1,flying,KEEP,KEEP,false,0.933594,0.943359,0.013619,-0.04516,0.006836,-0.001953,0.539314,false,false,false,false,no destructive/background/crop/family/style concern detected by audit evidence,freeze candidate
m173,F059,2,flying,KEEP,KEEP,false,0.984375,0.988281,0.002016,-0.032094,0.001953,-0.001953,0.463078,false,false,false,false,no destructive/background/crop/family/style concern detected by audit evidence,freeze candidate
m174,F059,3,flying,KEEP,KEEP,false,0.990234,0.990234,0.00263,-0.031924,0.000977,-0.00293,0.430931,false,false,false,false,no destructive/background/crop/family/style concern detected by audit evidence,freeze candidate
m175,F060,1,fairy,NORMALIZE,NORMALIZE,false,0.746094,0.632813,0.104993,0.053763,0.105469,0.064453,0.803635,false,false,false,false,visible centroid is materially off-center,Phase 2: scale/padding/centering only
m176,F060,2,fairy,KEEP,KEEP,false,0.808594,0.876953,0.00267,0.018104,0.061523,0.013672,0.663441,true,false,false,false,no destructive/background/crop/family/style concern detected by audit evidence,freeze candidate
m177,F060,3,fairy,KEEP,KEEP,false,0.798828,0.953125,0.038673,0.005634,0.023438,-0.000977,0.577057,true,false,false,false,no destructive/background/crop/family/style concern detected by audit evidence,freeze candidate
m178,F061,1,electric,NORMALIZE,NORMALIZE,false,0.585938,0.748047,0.000559,-0.000882,0.016602,0.027344,0.683338,false,false,false,true,apparent character scale/transparent whitespace is outside preferred roster range,Phase 2: scale/padding/centering only
m179,F061,2,electric,NORMALIZE,NORMALIZE,false,0.580078,0.824219,0.000259,-0.000883,0.023438,0.032227,0.676605,false,false,false,true,apparent character scale/transparent whitespace is outside preferred roster range,Phase 2: scale/padding/centering only
m180,F061,3,electric,NORMALIZE,NORMALIZE,false,0.568359,0.769531,-0.000592,-0.000483,0.03125,0.018555,0.747612,false,false,false,true,apparent character scale/transparent whitespace is outside preferred roster range,Phase 2: scale/padding/centering only
m181,F062,1,normal,KEEP,KEEP,false,0.996875,0.7375,0.028612,-0.002008,0.026562,0,0.544109,false,false,false,false,no destructive/background/crop/family/style concern detected by audit evidence,freeze candidate
m182,F062,2,normal,KEEP,KEEP,false,0.985938,0.985938,0.009553,-0.000027,0.000781,-0.000781,0.304326,false,false,false,false,no destructive/background/crop/family/style concern detected by audit evidence,freeze candidate
m183,F062,3,normal,KEEP,KEEP,false,0.98125,0.970313,0.020122,-0.050475,0.010156,-0.007813,0.485403,false,false,false,false,no destructive/background/crop/family/style concern detected by audit evidence,freeze candidate
m184,F063,1,dragon,KEEP,KEEP,false,0.771484,0.824219,-0.040794,0.008521,0.007813,-0.004883,0.698574,false,false,false,false,no destructive/background/crop/family/style concern detected by audit evidence,freeze candidate
m185,F063,2,dragon,KEEP,KEEP,false,0.824219,0.851563,0.021968,-0.023247,0.001953,0.007813,0.611687,false,false,false,false,no destructive/background/crop/family/style concern detected by audit evidence,freeze candidate
m186,F063,3,dragon,KEEP,KEEP,false,0.849609,0.871094,0.026308,-0.019554,0,-0.000977,0.526577,false,false,false,false,no destructive/background/crop/family/style concern detected by audit evidence,freeze candidate
m187,F064,1,dragon,KEEP,KEEP,false,0.771484,0.722656,0.043996,0.018691,0,0.010742,0.685108,false,false,false,false,no destructive/background/crop/family/style concern detected by audit evidence,freeze candidate
m188,F064,2,dragon,KEEP,KEEP,false,0.777344,0.677734,0.003813,0.011359,-0.000977,0.007813,0.685211,false,false,false,false,no destructive/background/crop/family/style concern detected by audit evidence,freeze candidate
m189,F064,3,dragon,KEEP,KEEP,false,0.769531,0.589844,0.00907,-0.009195,0,0.009766,0.732246,false,false,false,false,no destructive/background/crop/family/style concern detected by audit evidence,freeze candidate
m190,F065,1,dragon,KEEP,KEEP,false,0.757813,0.681641,0.004667,0.015968,-0.00293,-0.001953,0.627007,false,false,false,false,no destructive/background/crop/family/style concern detected by audit evidence,freeze candidate
m191,F065,2,dragon,KEEP,KEEP,false,0.757813,0.666016,0.000911,-0.003994,0.000977,0.003906,0.619576,false,false,false,false,no destructive/background/crop/family/style concern detected by audit evidence,freeze candidate
m192,F065,3,dragon,KEEP,KEEP,false,0.773438,0.638672,-0.001463,0.010358,-0.00293,0,0.634888,false,false,false,false,no destructive/background/crop/family/style concern detected by audit evidence,freeze candidate
m193,F066,1,psychic,KEEP,KEEP,false,0.953125,0.785156,-0.001206,0.007028,-0.001953,-0.007813,0.650295,false,false,false,false,no destructive/background/crop/family/style concern detected by audit evidence,freeze candidate
m194,F066,2,psychic,KEEP,KEEP,false,0.9375,0.878906,0.025704,-0.023934,-0.003906,-0.001953,0.666401,false,false,false,false,no destructive/background/crop/family/style concern detected by audit evidence,freeze candidate
m195,F066,3,psychic,KEEP,KEEP,false,0.927734,0.855469,-0.000396,0.009424,-0.001953,-0.010742,0.712006,false,false,false,false,no destructive/background/crop/family/style concern detected by audit evidence,freeze candidate
m196,F067,1,steel,KEEP,NORMALIZE,true,0.869141,0.609375,-0.009065,-0.030489,0.025391,0.006836,0.772308,false,false,false,false,Manual visual QA: tall stage1 bird silhouette has strong presence and is appropriately smaller in width than evolved winged stages.,Freeze candidate.
m197,F067,2,steel,KEEP,KEEP,false,0.892578,0.896484,0.023275,-0.048102,-0.000977,-0.004883,0.637066,false,false,false,false,no destructive/background/crop/family/style concern detected by audit evidence,freeze candidate
m198,F067,3,steel,KEEP,KEEP,false,0.886719,0.898438,-0.015517,-0.033704,-0.001953,0,0.590893,false,false,false,false,no destructive/background/crop/family/style concern detected by audit evidence,freeze candidate
m199,F068,1,steel,KEEP,KEEP,false,0.894531,0.896484,0.048021,-0.000061,-0.000977,0,0.509003,false,false,false,false,no destructive/background/crop/family/style concern detected by audit evidence,freeze candidate
m200,F068,2,steel,KEEP,KEEP,false,0.898438,0.783203,0.045446,-0.002531,-0.000977,0,0.631218,false,false,false,false,no destructive/background/crop/family/style concern detected by audit evidence,freeze candidate
m201,F068,3,steel,KEEP,KEEP,false,0.898438,0.839844,0.051884,0.008282,0,0,0.584148,false,false,false,false,no destructive/background/crop/family/style concern detected by audit evidence,freeze candidate
m202,F069,1,ghost,NORMALIZE,NORMALIZE,false,0.621094,0.357422,0.000969,0.042782,0.000977,0.011719,0.866673,false,false,false,true,apparent character scale/transparent whitespace is outside preferred roster range,Phase 2: scale/padding/centering only
m203,F069,2,ghost,NORMALIZE,NORMALIZE,false,0.769531,0.523438,0.000083,0.001036,0.015625,-0.003906,0.809673,false,false,false,true,,Phase 2: scale/padding/centering only
m204,F069,3,ghost,KEEP,NORMALIZE,true,0.890625,0.501953,0.009566,0.011385,-0.00293,0,0.682438,false,false,false,false,Manual visual QA: tall final-stage ghost silhouette has strong presence; narrow width is body-plan driven.,Freeze candidate.
m205,F070,1,dark,KEEP,KEEP,false,0.738281,0.955078,-0.004998,0.037907,-0.00293,-0.001953,0.567837,false,false,false,false,no destructive/background/crop/family/style concern detected by audit evidence,freeze candidate
m206,F070,2,dark,NORMALIZE,NORMALIZE,false,0.621094,0.96875,0.002889,0.010638,0,0,0.632187,false,false,false,false,apparent character scale/transparent whitespace is outside preferred roster range,Phase 2: scale/padding/centering only
m207,F070,3,dark,KEEP,KEEP,false,0.794922,0.972656,-0.001736,0.030055,-0.001953,0.008789,0.501518,false,false,false,false,no destructive/background/crop/family/style concern detected by audit evidence,freeze candidate
m208,F071,1,fairy,KEEP,KEEP,false,0.908203,0.873047,-0.022998,0.015006,0.000977,0.014648,0.623352,false,false,false,false,no destructive/background/crop/family/style concern detected by audit evidence,freeze candidate
m209,F071,2,fairy,KEEP,KEEP,false,0.970703,0.779297,0.004136,-0.015372,0.000977,-0.000977,0.534397,false,false,false,false,no destructive/background/crop/family/style concern detected by audit evidence,freeze candidate
m210,F071,3,fairy,KEEP,KEEP,false,0.978516,0.640625,0.008688,-0.006643,0,0.00293,0.569626,false,false,false,false,no destructive/background/crop/family/style concern detected by audit evidence,freeze candidate
m211,F072,1,fire,KEEP,KEEP,false,0.794922,0.748047,-0.065491,0.001336,-0.000977,-0.000977,0.63089,false,false,false,false,no destructive/background/crop/family/style concern detected by audit evidence,freeze candidate
m212,F072,2,fire,KEEP,NORMALIZE,true,0.638672,0.816406,0.011487,-0.008036,0,0.000977,0.674278,false,false,false,false,Manual visual QA: wide-wing stage2 bird has strong apparent size; low bbox height is wing/body-plan driven.,Freeze candidate.
m213,F072,3,fire,KEEP,NORMALIZE,true,0.5,0.835938,0.053347,-0.077806,0,-0.009766,0.740749,false,false,false,false,Manual visual QA: wide-wing final-stage bird fills the card width and is bbox-centered; alpha-centroid offset is caused by asymmetric wing/tail mass.,Freeze candidate.
m214,F073,1,water,KEEP,KEEP,false,0.974609,0.769531,0.034101,-0.010576,0.011719,-0.00293,0.582584,false,false,false,false,no destructive/background/crop/family/style concern detected by audit evidence,freeze candidate
m215,F073,2,water,MANUAL_REVIEW,MANUAL_REVIEW,false,1,0.818359,0.037541,0.000073,0.014648,0,0.503288,true,false,true,false,visible content contacts canvas edge with possible clipping,manual visual review before any mutation
m216,F073,3,water,MANUAL_REVIEW,MANUAL_REVIEW,false,0.996094,0.935547,0.038038,0.006961,0.00293,0.001953,0.420769,true,false,true,false,visible content contacts canvas edge with possible clipping,manual visual review before any mutation
m217,F074,1,electric,KEEP,KEEP,false,0.796875,0.75,-0.008483,0.011555,0.009766,-0.007813,0.722614,false,false,false,false,no destructive/background/crop/family/style concern detected by audit evidence,freeze candidate
m218,F074,2,electric,NORMALIZE,NORMALIZE,false,0.601563,0.835938,0.053785,0.008604,0.046875,0.001953,0.668571,false,false,false,true,apparent character scale/transparent whitespace is outside preferred roster range,Phase 2: scale/padding/centering only
m219,F074,3,electric,NORMALIZE,NORMALIZE,false,0.640625,0.787109,0.059179,0.008257,0.040039,0,0.692108,false,false,false,true,apparent character scale/transparent whitespace is outside preferred roster range,Phase 2: scale/padding/centering only
m220,F075,1,fight,NORMALIZE,NORMALIZE,false,0.876953,0.642578,-0.08601,0.06426,-0.063477,-0.000977,0.706329,false,false,false,false,visible centroid is materially off-center,Phase 2: scale/padding/centering only
m221,F075,2,fight,NORMALIZE,NORMALIZE,false,0.888672,0.681641,-0.097838,0.042902,-0.057617,0.000977,0.636608,false,false,false,false,visible centroid is materially off-center,Phase 2: scale/padding/centering only
m222,F075,3,fight,KEEP,KEEP,false,0.914063,0.705078,-0.028145,0.031751,-0.008789,-0.011719,0.525414,false,false,false,false,no destructive/background/crop/family/style concern detected by audit evidence,freeze candidate
m223,F076,1,flying,KEEP,KEEP,false,0.832031,0.921875,0.023141,0.003449,-0.001953,-0.005859,0.547092,false,false,false,false,no destructive/background/crop/family/style concern detected by audit evidence,freeze candidate
m224,F076,2,flying,KEEP,KEEP,false,0.925781,0.958984,0.031798,0.007585,-0.00293,-0.001953,0.490486,false,false,false,false,no destructive/background/crop/family/style concern detected by audit evidence,freeze candidate
m225,F076,3,flying,KEEP,KEEP,false,0.970703,0.978516,0.004075,0.008766,-0.000977,0.000977,0.422997,false,false,false,false,no destructive/background/crop/family/style concern detected by audit evidence,freeze candidate
m226,F077,1,bug,KEEP,KEEP,false,0.826172,0.943359,0.02574,-0.029788,0.012695,0.004883,0.70327,false,false,false,false,no destructive/background/crop/family/style concern detected by audit evidence,freeze candidate
m227,F077,2,bug,KEEP,KEEP,false,0.892578,0.980469,0.02389,-0.021731,0.003906,0.008789,0.602512,false,false,false,false,no destructive/background/crop/family/style concern detected by audit evidence,freeze candidate
m228,F077,3,bug,KEEP,KEEP,false,0.988281,0.980469,0.047187,-0.034704,0,-0.001953,0.485046,false,false,false,false,no destructive/background/crop/family/style concern detected by audit evidence,freeze candidate
m229,F078,1,poison,MANUAL_REVIEW,KEEP,true,0.880859,0.859375,0.026286,-0.025941,-0.003906,-0.00293,0.635296,false,false,false,false,Manual visual QA: F078 stage1 is scene-backed and reads as a small dark cat-like creature while stages2/3 read as large winged poison creatures; family/body-plan continuity is unresolved and background repair alone may be insufficient.,"Manual family/stage review; if stage1 concept is rejected, regenerate only m229 in Phase 2."
m230,F078,2,poison,MANUAL_REVIEW,MANUAL_REVIEW,false,0.990234,0.998047,-0.010038,0.0019,0.000977,-0.00293,0.452915,true,false,true,false,visible content contacts canvas edge with possible clipping,manual visual review before any mutation
m231,F078,3,poison,MANUAL_REVIEW,MANUAL_REVIEW,false,0.998047,0.998047,0.001472,-0.018421,0.000977,0.000977,0.314487,true,false,true,false,visible content contacts canvas edge with possible clipping,manual visual review before any mutation
m232,F079,1,normal,KEEP,KEEP,false,0.736328,0.628906,0.00345,0.013756,0,-0.000977,0.655079,false,false,false,true,no destructive/background/crop/family/style concern detected by audit evidence,freeze candidate
m233,F079,2,normal,REPAIR,NORMALIZE,true,0.303125,0.365625,0.035841,-0.01499,0,0,0.970374,false,false,false,true,Manual visual QA: tiny character also contains a detached stray fragment at left; normalization alone cannot remove the pixel artifact.,"Phase 2: remove detached artifact, then normalize scale/placement non-destructively."
m234,F079,3,normal,REPAIR,NORMALIZE,true,0.360938,0.36875,0.034344,0.023336,0.003125,0.003906,0.945103,false,false,false,true,Manual visual QA: visible text/label-like marks appear above the creature; normalization alone cannot remove this production-unsafe pixel artifact.,"Phase 2: remove text/mark artifact, then normalize scale/placement non-destructively."
m235,F080,1,grass,MANUAL_REVIEW,REPAIR,true,1,1,-0.000977,-0.000977,0,0,0,true,true,false,false,Manual visual QA: image is dominated by a horizontal forest/tree scene rather than an unambiguous isolated monster; safe separation of creature from scenery is uncertain.,Manual concept review before deciding repair versus single-species regeneration in Phase 2.
m236,F081,1,psychic,KEEP,KEEP,false,0.914063,0.941406,-0.000815,-0.039229,0.003906,-0.003906,0.716717,false,false,false,false,no destructive/background/crop/family/style concern detected by audit evidence,freeze candidate
m237,F082,1,ground,KEEP,KEEP,false,0.947266,0.944336,0.011031,0.044166,-0.004395,0.003906,0.414721,false,false,false,false,no destructive/background/crop/family/style concern detected by audit evidence,freeze candidate
m238,F083,1,rock,KEEP,KEEP,false,0.728516,0.835938,0.014478,-0.003801,-0.005859,0.000977,0.657913,false,false,false,false,no destructive/background/crop/family/style concern detected by audit evidence,freeze candidate
