speciesId,family,stage,attribute,candidatePath,rawBytes,sha256,canvasWidth,canvasHeight,alphaMin,alphaMax,transparentPixelRatio,opaquePixelRatio,visiblePixelRatio,alphaFringeRatio,bboxWidthRatio,bboxHeightRatio,topMargin,bottomMargin,leftMargin,rightMargin,visibleCentroidX,visibleCentroidY,centerOffsetX,centerOffsetY,edgeContact,nearEdgeContact,bboxTouchesEdges,opaqueCornerCount,fullyOpaqueCanvas,nearlyOpaqueCanvas,rectangularBackgroundSuspicion,whiteRectangleSuspicion,grayRectangleSuspicion,blackRectangleSuspicion,connectedComponentCount,largestVisibleComponentRatio,lowDensitySuspicion,meanLuminance,meanSaturation,edgeDensity,styleQualityOutlier,styleOutlierFields
m001,F001,1,grass,public/monsters/m001.webp,38504,7155656d37ec2541fc97adfacb99c74368fe0be5ffdf90080aab86f97431b041,512,512,0,255,0.520283,0.415054,0.449299,0.034245,0.847656,0.800781,0.099609,0.099609,0.076172,0.076172,0.49543,0.519469,-0.00457,0.019469,false,false,0,0,false,false,false,false,false,false,83,0.989073,false,111.502543,0.565969,0.027299,false,
m002,F001,2,grass,public/monsters/m002.webp,53540,f6772e39647f1ba8e78ed9386e52d058bdacb4c255c5f2c95c1a572661d28ac4,512,512,0,255,0.434093,0.475357,0.528526,0.053169,0.847656,0.847656,0.076172,0.076172,0.076172,0.076172,0.517201,0.538052,0.017201,0.038052,false,false,0,0,false,false,false,false,false,false,156,0.980101,false,110.512809,0.510988,0.034345,false,
m003,F001,3,grass,public/monsters/m003.webp,52434,d3c94c46b180e1354ddfabd5c7f6701a3ad60e23dcd7f553746b01a957b29be0,512,512,0,255,0.430527,0.535103,0.553764,0.018661,0.824219,0.84375,0.078125,0.078125,0.087891,0.087891,0.512584,0.546173,0.012584,0.046173,false,false,0,0,false,false,false,false,false,false,23,0.999828,false,97.830523,0.52247,0.058468,false,
m004,F002,1,fire,public/monsters/m004.webp,148868,e7370f61737c2139187d48b0195c7c84865a1c71352760ad342226f6b4d88794,512,512,0,255,0.688839,0.256432,0.296207,0.039776,0.634766,0.84375,0.080078,0.076172,0.183594,0.181641,0.446346,0.517953,-0.053654,0.017953,false,false,0,0,false,false,false,false,false,false,13,0.999807,false,119.852969,0.55305,0.032906,false,
m005,F002,2,fire,public/monsters/m005.webp,157092,6006961d581410b387a5af049cda9099a3a8982872cca0bef4198708aa113dc3,512,512,0,255,0.687546,0.256123,0.297749,0.041626,0.847656,0.798828,0.101563,0.099609,0.076172,0.076172,0.421587,0.494434,-0.078413,-0.005566,false,false,0,0,false,false,false,false,false,false,4,0.999962,false,113.716659,0.618155,0.036912,false,
m006,F002,3,fire,public/monsters/m006.webp,159734,2bc39baebda89f387b57d522ffa618c444d0ccb1501e014edfbc736402163991,512,512,0,255,0.686764,0.261887,0.30056,0.038673,0.855469,0.6875,0.15625,0.15625,0.072266,0.072266,0.430752,0.493315,-0.069248,-0.006685,false,false,0,0,false,false,false,false,false,false,5,0.999949,false,118.371356,0.635255,0.038775,false,
m007,F003,1,water,public/monsters/m007.webp,177492,98665390498734104206dd9b82951fa49f3a2c5db843d6bf1233a40250caff18,512,512,0,255,0.601566,0.373508,0.384727,0.011219,0.798828,0.978516,0.011719,0.009766,0.101563,0.099609,0.494856,0.547503,-0.005144,0.047503,false,true,0,0,false,false,false,false,false,false,1,1,false,179.277884,0.440934,0.045619,false,
m008,F003,2,water,public/monsters/m008.webp,253290,0fc5e0fff8edec521f08367d69dc157b599b9bfa8bcc3a6636c7fddc2178cd2a,512,512,0,255,0.505592,0.428188,0.46183,0.033642,0.912109,0.962891,0.011719,0.025391,0.048828,0.039063,0.528663,0.515833,0.028663,0.015833,false,false,0,0,false,false,false,false,false,false,29,0.979317,false,182.693584,0.482658,0.062505,false,
m009,F003,3,water,public/monsters/m009.webp,322938,4246a204a6353c76db575b417a75b7b9ee70e4563d2005f5121a20c2107bf937,512,512,0,255,0.377533,0.557365,0.591881,0.034515,0.978516,0.984375,0.005859,0.009766,0.011719,0.009766,0.520181,0.533212,0.020181,0.033212,false,true,0,0,false,false,false,false,false,false,11,0.997706,false,172.58836,0.541978,0.060773,false,
m010,F004,1,normal,public/monsters/m010.webp,61812,8cdc0e759bcceda804eed3936f9b270fcf0747827e378d562a2d30029e019f21,640,640,0,255,0.598066,0.373794,0.388052,0.014258,0.678125,0.94375,0.00625,0.05,0.170313,0.151562,0.500776,0.478033,0.000776,-0.021967,false,true,0,0,false,false,false,false,false,false,6,0.999969,false,169.612052,0.365534,0.047057,false,
m011,F004,2,normal,public/monsters/m011.webp,82792,97270ef1e7e6445bf5ac49293fc256f12b283563c0a533d784960e839e12c599,640,640,0,255,0.476624,0.484597,0.505229,0.020632,0.95,0.996875,0,0.003125,0.025,0.025,0.506505,0.4436,0.006505,-0.0564,true,true,1,0,false,false,false,false,false,false,17,0.999918,false,117.280663,0.437011,0.048786,false,
m012,F004,3,normal,public/monsters/m012.webp,87854,61444a71535cc2778cb2ef1a645a788d6b121cbd539016962c019070bee8147e,640,640,0,255,0.53303,0.446233,0.46072,0.014487,0.90625,0.95,0.023438,0.026562,0.048438,0.045312,0.50617,0.444773,0.00617,-0.055227,false,false,0,0,false,false,false,false,false,false,10,0.999926,false,118.098344,0.437754,0.068278,false,
m013,F005,1,normal,public/monsters/m013.webp,3270,1f49b1275456654cf259b0b737f0f5b436dab56e6860801c5a0db8e326da884e,640,640,0,255,0.977598,0.022402,0.022402,0,0.165625,0.234375,0.382813,0.382813,0.417187,0.417187,0.509166,0.523153,0.009166,0.023153,false,false,0,0,false,false,false,false,false,false,1,1,true,179.717052,0.323328,0.041636,false,
m014,F005,2,normal,public/monsters/m014.webp,3988,b6a58b35abaa165c18233f6672a2f6bba81ed790996066c995810b5ddc77bc29,640,640,0,255,0.970979,0.029021,0.029021,0,0.223438,0.290625,0.354687,0.354687,0.3875,0.389062,0.479106,0.521803,-0.020894,0.021803,false,false,0,0,false,false,false,false,false,false,3,0.990326,true,160.619472,0.325952,0.045232,false,
m015,F005,3,normal,public/monsters/m015.webp,6944,8310c6f68641092dddb1e4a0d601c5c3a35d4f3669750aedc8253a1abfd2fec3,640,640,0,255,0.927368,0.072632,0.072632,0,0.271875,0.353125,0.323437,0.323437,0.364063,0.364063,0.498006,0.505172,-0.001994,0.005172,false,false,0,0,false,false,false,false,false,false,1,1,true,171.521625,0.298078,0.041049,false,
m016,F006,1,flying,public/monsters/m016.webp,184146,7e5401608c3cef60cf32e8479b540eb568999653a46157c6da1eefe188279682,512,512,0,255,0.627499,0.288422,0.322834,0.034412,0.867188,0.859375,0.076172,0.064453,0.083984,0.048828,0.477226,0.470489,-0.022774,-0.029511,false,false,0,0,false,false,false,false,false,false,42,0.939453,false,166.786661,0.535896,0.042689,false,
m017,F006,2,flying,public/monsters/m017.webp,244984,54d36f66870a388b81524c7cf7f6297ef211b36d00b07b8bc226c07af6a79484,512,512,0,255,0.534161,0.336578,0.390671,0.054092,0.984375,0.96875,0.007813,0.023438,0.007813,0.007813,0.500504,0.471163,0.000504,-0.028837,false,true,0,0,false,false,false,false,false,false,63,0.943942,false,158.722267,0.608087,0.047747,false,
m018,F006,3,flying,public/monsters/m018.webp,289760,498d30ef085783c61ed74f574355b5fa06d7da99fb180206a4d9941000a1857a,512,512,0,255,0.407284,0.41785,0.495483,0.077633,0.982422,0.988281,0.003906,0.007813,0.009766,0.007813,0.52824,0.473519,0.02824,-0.026481,false,true,0,0,false,false,false,false,false,false,58,0.96306,false,150.774967,0.564738,0.039855,false,
m019,F007,1,bug,public/monsters/m019.webp,189798,c9c8f758e3b8d4d40f1ff89be5bd33c3b259d806bdf143b8e07dd2d472b0270d,512,512,0,255,0.612541,0.358334,0.373333,0.014999,0.902344,0.787109,0.09375,0.119141,0.0625,0.035156,0.491179,0.513493,-0.008821,0.013493,false,false,0,0,false,false,false,false,false,false,4,0.999939,false,98.687909,0.546034,0.064825,false,
m020,F007,2,bug,public/monsters/m020.webp,270892,c9aabf150422ba028582d4e4f672177ef23fed604a1f5027392888961928a494,512,512,0,255,0.484802,0.475216,0.496513,0.021297,0.988281,0.974609,0.009766,0.015625,0.007813,0.003906,0.475931,0.513303,-0.024069,0.013303,false,true,0,0,false,false,false,false,false,false,10,0.999915,false,99.438287,0.59494,0.075851,false,
m021,F007,3,bug,public/monsters/m021.webp,314078,558e00df00ffb6e92769698ab19f0c6d0d6c36df838f990f221977b52d400e1d,512,512,0,255,0.393669,0.56065,0.585968,0.025318,0.992188,0.994141,0.003906,0.001953,0.003906,0.003906,0.486822,0.523815,-0.013178,0.023815,false,true,0,0,false,false,false,false,false,false,9,0.999941,false,99.335048,0.607304,0.070717,false,
m022,F008,1,bug,public/monsters/m022.webp,166956,c9781f901c698dcd59e27a3a54513710e90a1038f865edd6276b58c322bc40cf,512,512,0,255,0.727688,0.217457,0.243668,0.026211,0.708984,0.929688,0.035156,0.035156,0.181641,0.109375,0.537532,0.470719,0.037532,-0.029281,false,false,0,0,false,false,false,false,false,false,11,0.999828,false,174.436422,0.404748,0.078091,false,
m023,F008,2,bug,public/monsters/m023.webp,282568,898262b71dbc4c60c8cc6d31dba7b7ba29ac17b8ec08bedf52d677ace1a00151,512,512,0,255,0.556534,0.35981,0.397572,0.037762,0.9375,0.980469,0.007813,0.011719,0.042969,0.019531,0.549878,0.448997,0.049878,-0.051003,false,true,0,0,false,false,false,false,false,false,30,0.999165,false,177.327306,0.460491,0.089084,false,
m024,F008,3,bug,public/monsters/m024.webp,319068,4d08c1007b7ad4850834185b4ada3b479cc1e69c22f4f4fc31f5bab7c11f21a3,512,512,0,255,0.499416,0.405708,0.450588,0.04488,0.951172,0.970703,0.015625,0.013672,0.035156,0.013672,0.554277,0.45096,0.054277,-0.04904,false,false,0,0,false,false,false,false,false,false,39,0.999568,false,183.485409,0.43655,0.08319,false,
m025,F009,1,electric,public/monsters/m025.webp,63506,6df853aa27e3cf967975b39c93d4ab92445a70309b001e349353be803cf5bdbb,512,512,0,255,0.624039,0.35321,0.365349,0.012138,0.769531,0.763672,0.111328,0.125,0.119141,0.111328,0.49554,0.487528,-0.00446,-0.012472,false,false,0,0,false,false,false,false,false,false,2,0.99999,false,107.484631,0.53376,0.066262,false,
m026,F009,2,electric,public/monsters/m026.webp,72258,b7f6d095ba17d5dfea03a7db270a3c503841df06e3dcd4364296464564eea33c,512,512,0,255,0.6236,0.345585,0.361889,0.016304,0.794922,0.757813,0.115234,0.126953,0.111328,0.09375,0.509371,0.491743,0.009371,-0.008257,false,false,0,0,false,false,false,false,false,false,7,0.999916,false,111.205442,0.564724,0.080198,false,
m027,F009,3,electric,public/monsters/m027.webp,83082,cf434531c2c8aaa1049f883b85253de8ca8092b50ee8bbd8351dba374e476238,512,512,0,255,0.580498,0.382957,0.402847,0.01989,0.808594,0.785156,0.099609,0.115234,0.095703,0.095703,0.517158,0.488587,0.017158,-0.011413,false,false,0,0,false,false,false,false,false,false,15,0.999858,false,110.400199,0.57277,0.077014,false,
m028,F010,1,electric,public/monsters/m028.webp,53060,50d59372273b51d28ecbe4fee45a8a9fa9be041674150cf44637596c9f2d6bca,512,512,0,255,0.757282,0.21117,0.228886,0.017715,0.810547,0.814453,0.091797,0.09375,0.099609,0.089844,0.486771,0.43948,-0.013229,-0.06052,false,false,0,0,false,false,false,false,false,false,4,0.999883,false,154.903199,0.555598,0.064829,false,
m029,F010,2,electric,public/monsters/m029.webp,71030,a3e810611db2095e0b9d2b9920c1eaf541f58dc7426aa945e65c109e5ee5d70e,512,512,0,255,0.699383,0.25219,0.280209,0.028019,0.806641,0.804688,0.097656,0.097656,0.095703,0.097656,0.501901,0.441259,0.001901,-0.058741,false,false,0,0,false,false,false,false,false,false,11,0.999837,false,153.451943,0.589971,0.071809,false,
m030,F010,3,electric,public/monsters/m030.webp,87892,f37e641f70f49fe4c4732909895dd537eadcc55ef6e6afc6d54906842c0e5732,512,512,0,255,0.636063,0.294594,0.334728,0.040134,0.820313,0.814453,0.09375,0.091797,0.089844,0.089844,0.496964,0.437221,-0.003036,-0.062779,false,false,0,0,false,false,false,false,false,false,14,0.999761,false,153.16302,0.607869,0.072714,false,
m031,F011,1,ground,public/monsters/m031.webp,129262,1a3300ee184165683e17db69bd1ae936feff0bf0c786b3dcfa6bea3691c2ccb0,1024,1024,0,255,0.620676,0.354064,0.36621,0.012146,0.893555,0.787109,0.108398,0.104492,0.054688,0.051758,0.506555,0.508704,0.006555,0.008704,false,false,0,0,false,false,false,false,false,false,35,0.999893,false,107.183747,0.302509,0.032816,false,
m032,F011,2,ground,public/monsters/m032.webp,233450,655045e583c71480c2520b7fff1bd8ccd7e655ddf9711e25f2436b636500e474,1024,1024,0,255,0.524076,0.431895,0.452044,0.020148,0.949219,0.857422,0.075195,0.067383,0.032227,0.018555,0.55484,0.515319,0.05484,0.015319,false,false,0,0,false,false,false,false,false,false,85,0.988785,false,96.289942,0.508197,0.044327,false,
m033,F011,3,ground,public/monsters/m033.webp,290912,f9e1df4f2b004ad9d8e80fb77ec4ae52fc36c1cec05be2e59fd90a65ed1685ee,1024,1024,0,255,0.492455,0.425642,0.463667,0.038025,0.953125,0.876953,0.06543,0.057617,0.023438,0.023438,0.534284,0.509956,0.034284,0.009956,false,false,0,0,false,false,false,false,false,false,156,0.969541,false,101.876819,0.551027,0.055268,false,
m034,F012,1,rock,public/monsters/m034.webp,26720,bb070dcd944d35f440bf8895380bde2ee35cae0adbd14ddc9778befe5f8063b4,512,512,255,255,0,1,1,0,1,1,0,0,0,0,0.499023,0.499023,-0.000977,-0.000977,true,true,4,4,true,true,true,false,true,false,1,1,false,97.703239,0.273496,0.011167,false,
m035,F012,2,rock,public/monsters/m035.webp,35310,16dba27c46839f4bc16afe0fe6b8f22cb3af11b6f861a2c496afd89647951063,512,512,255,255,0,1,1,0,1,1,0,0,0,0,0.499023,0.499023,-0.000977,-0.000977,true,true,4,4,true,true,true,false,false,false,1,1,false,106.578002,0.229368,0.015237,false,
m036,F012,3,rock,public/monsters/m036.webp,38564,04fab9b80b3225ae3034be417112739ced816b677d4c4f5e9daabc8deaf24091,512,512,255,255,0,1,1,0,1,1,0,0,0,0,0.499023,0.499023,-0.000977,-0.000977,true,true,4,4,true,true,true,false,false,false,1,1,false,109.503849,0.25092,0.016899,false,
m037,F013,1,water,public/monsters/m037.webp,173764,c5954096c6ba66a48d3d596c30f457566b797878cf52c3c3aae9da3eba386161,512,512,0,255,0.60651,0.366806,0.377731,0.010925,0.964844,0.878906,0.044922,0.076172,0.017578,0.017578,0.526349,0.550243,0.026349,0.050243,false,false,0,0,false,false,false,false,false,false,3,0.99998,false,174.920991,0.405408,0.042176,false,
m038,F013,2,water,public/monsters/m038.webp,286930,78a4f8c25f9cb4fae3aad345e3b722dc1c6d5861e03081f78d1821f5c34fbccb,512,512,0,255,0.437366,0.4818,0.521748,0.039948,0.986328,0.976563,0.011719,0.011719,0.007813,0.005859,0.571267,0.492511,0.071267,-0.007489,false,true,0,0,false,false,false,false,false,false,31,0.957733,false,181.768981,0.446422,0.056361,false,
m039,F013,3,water,public/monsters/m039.webp,331276,a83556af195ca7fb70cd04c7d1d22be336fef6c75a1b7d159609d4d7ea80335a,512,512,0,255,0.341774,0.602497,0.631699,0.029202,0.992188,0.962891,0.013672,0.023438,0.005859,0.001953,0.534462,0.520801,0.034462,0.020801,false,true,0,0,false,false,false,false,false,false,15,0.990586,false,178.407493,0.453273,0.056483,false,
m040,F014,1,grass,public/monsters/m040.webp,16216,ca43770168ac4f1b8630f34566d8010cb574fd98a3105faf51191983fd551e57,512,512,255,255,0,1,1,0,1,1,0,0,0,0,0.499023,0.499023,-0.000977,-0.000977,true,true,4,4,true,true,true,true,false,false,1,1,false,241.597089,0.058769,0.008802,false,
m041,F014,2,grass,public/monsters/m041.webp,19482,b953e108a9935bddcf0ee4279e53a740305b8a30739ad1963682efe372ea3fe5,512,512,255,255,0,1,1,0,1,1,0,0,0,0,0.499023,0.499023,-0.000977,-0.000977,true,true,4,4,true,true,true,true,false,false,1,1,false,239.148028,0.057749,0.011324,false,
m042,F014,3,grass,public/monsters/m042.webp,34694,8ae7e762c467f817c99e91c3c645fba8d05bfcc648fd9d1c141d1e25c351a6db,512,512,255,255,0,1,1,0,1,1,0,0,0,0,0.499023,0.499023,-0.000977,-0.000977,true,true,4,4,true,true,true,true,false,false,1,1,false,225.624765,0.100438,0.021325,false,
m043,F015,1,poison,public/monsters/m043.webp,56900,3345c1ca8c387143d3b759dff39136ab56d6de40e1a0df8ab1f9b11d541b7675,512,512,0,255,0.625397,0.35112,0.367329,0.016209,0.806641,0.876953,0.042969,0.080078,0.132813,0.060547,0.487009,0.582214,-0.012991,0.082214,false,false,0,0,false,false,false,false,false,false,7,0.971722,false,179.894861,0.39164,0.042949,false,
m044,F015,2,poison,public/monsters/m044.webp,126750,88c9790991afe2ac10a49d2f6e5f86405f837c72004b6274a820e7ac593b3cbc,512,512,0,254,0.395664,0.466587,0.542568,0.075981,0.943359,0.970703,0.017578,0.011719,0.033203,0.023438,0.487784,0.554496,-0.012216,0.054496,false,false,0,0,false,false,false,false,false,false,29,0.96614,false,138.485803,0.476502,0.055066,false,
m045,F015,3,poison,public/monsters/m045.webp,160268,6ee86f89c52f90b944388605f5a5dc204a0bd50f2cce7266f9b3f5a3d5695565,512,512,0,254,0.310772,0.528194,0.623489,0.095295,0.916016,0.988281,0,0.011719,0.046875,0.037109,0.505674,0.552417,0.005674,0.052417,true,true,1,0,false,false,false,false,false,false,3,0.997706,false,146.148738,0.394761,0.071758,false,
m046,F016,1,fight,public/monsters/m046.webp,20438,a0a9171922bd74e2285936cfab871e2855657bfe5e9820d0b93787adc463e9c4,512,512,255,255,0,1,1,0,1,1,0,0,0,0,0.499023,0.499023,-0.000977,-0.000977,true,true,4,4,true,true,true,true,false,false,1,1,false,232.522961,0.086218,0.011602,false,
m047,F016,2,fight,public/monsters/m047.webp,31058,506308e30b77418903a84fd506269c017d56d33f5c2743a8d37ab571ff4ba951,512,512,255,255,0,1,1,0,1,1,0,0,0,0,0.499023,0.499023,-0.000977,-0.000977,true,true,4,4,true,true,true,true,false,false,1,1,false,219.979787,0.118845,0.018708,false,
m048,F016,3,fight,public/monsters/m048.webp,35618,3f8ba348fd0848f80b3aeb61e079f434a9a5b9ab21f3449f0e6631794a92c97d,512,512,255,255,0,1,1,0,1,1,0,0,0,0,0.499023,0.499023,-0.000977,-0.000977,true,true,4,4,true,true,true,true,false,false,1,1,false,202.051407,0.083627,0.021162,false,
m049,F017,1,fairy,public/monsters/m049.webp,34400,387fa20fe5f63c9002f2295f22c26fde0343dbdc99a0ae3d9fc286a0d5ccb277,512,512,255,255,0,1,1,0,1,1,0,0,0,0,0.499023,0.499023,-0.000977,-0.000977,true,true,4,4,true,true,true,true,false,false,1,1,false,233.210496,0.092113,0.01045,false,
m050,F017,2,fairy,public/monsters/m050.webp,39600,03c105d1d6fa1215a4c1cd144bd247af3e9bf9d98077d41d472b027399a12371,512,512,255,255,0,1,1,0,1,1,0,0,0,0,0.499023,0.499023,-0.000977,-0.000977,true,true,4,4,true,true,true,true,false,false,1,1,false,241.199589,0.053299,0.011959,false,
m051,F017,3,fairy,public/monsters/m051.webp,46206,63b49418e5f4e66589e1afd4e99d0de508fc019fc7aa4778ba97a96491575104,512,512,255,255,0,1,1,0,1,1,0,0,0,0,0.499023,0.499023,-0.000977,-0.000977,true,true,4,4,true,true,true,true,false,false,1,1,false,238.307339,0.066919,0.015238,false,
m052,F018,1,psychic,public/monsters/m052.webp,38552,14a85bd2123f52d198de3f6f2526b0a36a3b7ba26adea39bf8c7114b4fa4b892,512,512,255,255,0,1,1,0,1,1,0,0,0,0,0.499023,0.499023,-0.000977,-0.000977,true,true,4,4,true,true,true,true,false,false,1,1,false,211.732985,0.1181,0.016692,false,
m053,F018,2,psychic,public/monsters/m053.webp,46214,506df2100b98688814cd9882a50e5d50d223a3c7b06f8795fc039decd3692ba9,512,512,255,255,0,1,1,0,1,1,0,0,0,0,0.499023,0.499023,-0.000977,-0.000977,true,true,4,4,true,true,true,true,false,false,1,1,false,219.443133,0.112127,0.01986,false,
m054,F018,3,psychic,public/monsters/m054.webp,48140,1f346ff3d5a130b9d63041091cd7cd5a3262182c0324357dd5da8d385320c3a1,512,512,255,255,0,1,1,0,1,1,0,0,0,0,0.499023,0.499023,-0.000977,-0.000977,true,true,4,4,true,true,true,true,false,false,1,1,false,217.160875,0.13118,0.020532,false,
m055,F019,1,fire,public/monsters/m055.webp,151452,b3172206e1f1a2cb228d0c23f597f0af50c238dc94d737372e25dbeced8225dd,512,512,0,255,0.68441,0.189407,0.289978,0.100571,0.646484,0.810547,0.091797,0.097656,0.175781,0.177734,0.503983,0.500747,0.003983,0.000747,false,false,0,0,false,false,false,false,false,false,58,0.998645,false,92.801709,0.715626,0.025271,false,
m056,F019,2,fire,public/monsters/m056.webp,198522,4864b93737466517180dbae73a2fad38ea61b006d00d5501a51ca52d42b77941,512,512,0,255,0.615868,0.236347,0.357033,0.120686,0.818359,0.761719,0.109375,0.128906,0.091797,0.089844,0.517747,0.523941,0.017747,0.023941,false,false,0,0,false,false,false,false,false,false,73,0.997147,false,91.081844,0.775622,0.030632,false,
m057,F019,3,fire,public/monsters/m057.webp,195066,b700369d316f5eb336b348bc1a4d71e3aacd54325f00444aed1e4cd730761bd5,512,512,0,255,0.66029,0.250164,0.323257,0.073093,0.833984,0.542969,0.228516,0.228516,0.083984,0.082031,0.505771,0.521549,0.005771,0.021549,false,false,0,0,false,false,false,false,false,false,44,0.99928,true,80.719145,0.760467,0.040422,false,
m058,F020,1,fire,public/monsters/m058.webp,99368,74cf8fb8f0ebd6321323250d683a2f89641c53efac6ea0ec9a6cdac76df9b764,512,512,0,255,0.735069,0.202194,0.247425,0.045231,0.585938,0.804688,0.099609,0.095703,0.207031,0.207031,0.510533,0.604062,0.010533,0.104062,false,false,0,0,false,false,false,false,false,false,40,0.998659,false,113.533442,0.926764,0.016572,false,
m059,F020,2,fire,public/monsters/m059.webp,162026,91fe52a09a425a221fc4668423988c693a98bef9510f6de8850006704150a30e,512,512,0,255,0.656078,0.211304,0.314484,0.10318,0.705078,0.8125,0.09375,0.09375,0.148438,0.146484,0.504519,0.548245,0.004519,0.048245,false,false,0,0,false,false,false,false,false,false,68,0.998423,false,121.644504,0.850859,0.025213,false,
m060,F020,3,fire,public/monsters/m060.webp,200608,2658f12552a89527b04dfe913a0ce2216523173bdb8e4ec9ddcc5d65d928215b,512,512,0,255,0.639675,0.213737,0.334095,0.120358,0.833984,0.675781,0.173828,0.150391,0.083984,0.082031,0.496678,0.570849,-0.003322,0.070849,false,false,0,0,false,false,false,false,false,false,125,0.995718,false,100.060439,0.899698,0.035371,false,
m061,F021,1,ground,public/monsters/m061.webp,142646,3be1c7af24ff13a045afa522d56a19c76c1a4a5302304d379b27bae771bdfdce,1024,1024,0,255,0.709647,0.253804,0.270117,0.016313,0.762695,0.917969,0.042969,0.039063,0.157227,0.080078,0.487509,0.488505,-0.012491,-0.011495,false,false,0,0,false,false,false,false,false,false,41,0.999841,false,145.101082,0.534012,0.03329,false,
m062,F021,2,ground,public/monsters/m062.webp,332842,a177fb3e0295f644d9054309f2132d289e72a1504815647628ce4730f0596569,1024,1024,0,255,0.450752,0.437633,0.497496,0.059863,0.894531,0.973633,0.011719,0.014648,0.092773,0.012695,0.524148,0.493742,0.024148,-0.006258,false,false,0,0,false,false,false,false,false,false,115,0.991393,false,128.204347,0.535394,0.049153,false,
m063,F021,3,ground,public/monsters/m063.webp,263194,98fdcac95c5c7d9442690599b9f866697f2a157e2dd9567016c7489e363c2b91,1024,1024,0,255,0.548002,0.376739,0.41362,0.036881,0.887695,0.928711,0.03125,0.040039,0.0625,0.049805,0.480877,0.493601,-0.019123,-0.006399,false,false,0,0,false,false,false,false,false,false,93,0.999218,false,131.212502,0.542475,0.058042,false,
m064,F022,1,rock,public/monsters/m064.webp,32924,7d4c1316a0a8e0fb7441c844319084c41d23bcbe3bd28590a4084648b1bd06b6,512,512,255,255,0,1,1,0,1,1,0,0,0,0,0.499023,0.499023,-0.000977,-0.000977,true,true,4,4,true,true,true,false,false,false,1,1,false,98.733335,0.340152,0.012775,false,
m065,F022,2,rock,public/monsters/m065.webp,36484,d2e8b9780c12ad434b261fce72fe9926aab54eb3f39fd2788e242661ec191c31,512,512,255,255,0,1,1,0,1,1,0,0,0,0,0.499023,0.499023,-0.000977,-0.000977,true,true,4,4,true,true,true,false,false,false,1,1,false,100.903283,0.364135,0.014216,false,
m066,F022,3,rock,public/monsters/m066.webp,38154,3d845a9db0441c490f6e1b089d173b0eb2ae0137bfe7ef6a6e8b9ca56c8c3da2,512,512,255,255,0,1,1,0,1,1,0,0,0,0,0.499023,0.499023,-0.000977,-0.000977,true,true,4,4,true,true,true,false,true,false,1,1,false,106.017091,0.296663,0.015348,false,
m067,F023,1,steel,public/monsters/m067.webp,63196,e014d513a6dc2f105c1b8534c10ce95b32d8d5bebaf9400b5c6d702396a13c6f,512,512,0,255,0.651814,0.32201,0.336048,0.014038,0.779297,0.902344,0.048828,0.048828,0.126953,0.09375,0.432754,0.491056,-0.067246,-0.008944,false,false,0,0,false,false,false,false,false,false,8,0.999909,false,120.45245,0.250399,0.075742,false,
m068,F023,2,steel,public/monsters/m068.webp,79408,b2c6204e4be661924363804d57e7785d93e77c0a9e05f9de26f344b527ad719e,512,512,0,255,0.575417,0.393539,0.410259,0.01672,0.845703,0.898438,0.050781,0.050781,0.105469,0.048828,0.49285,0.501219,-0.00715,0.001219,false,false,0,0,false,false,false,false,false,false,5,0.999963,false,117.627095,0.307739,0.07819,false,
m069,F023,3,steel,public/monsters/m069.webp,93600,d103b0ff2d56bd2f8c31288387f845510f3d890c78da281fb9cc536e6f391c1b,512,512,0,255,0.508072,0.458378,0.476292,0.017914,0.898438,0.886719,0.056641,0.056641,0.048828,0.052734,0.521896,0.511597,0.021896,0.011597,false,false,0,0,false,false,false,false,false,false,5,0.999968,false,111.985466,0.358758,0.080032,false,
m070,F024,1,electric,public/monsters/m070.webp,55766,a83566087ded1cf5ff26a5afd7c21b29e016dd8e2815ddab158c04ac37bff3cd,512,512,0,255,0.74065,0.220963,0.241776,0.020813,0.722656,0.8125,0.09375,0.09375,0.158203,0.119141,0.499775,0.488539,-0.000225,-0.011461,false,false,0,0,false,false,false,false,false,false,4,0.999953,false,141.777389,0.386375,0.063152,false,
m071,F024,2,electric,public/monsters/m071.webp,81046,3887b9291f44319f66d53cdb3262590805e9f32dfce46de3e443fb27179c7adc,512,512,0,255,0.647228,0.292633,0.329647,0.037014,0.792969,0.816406,0.091797,0.091797,0.103516,0.103516,0.501169,0.490957,0.001169,-0.009043,false,false,0,0,false,false,false,false,false,false,12,0.999861,false,145.319508,0.482939,0.065763,false,
m072,F024,3,electric,public/monsters/m072.webp,100262,5205e956577185221e44ae69bbec0e6393ce17d719facd9f0692e4b70a1ee29b,512,512,0,255,0.589272,0.335072,0.377998,0.042927,0.818359,0.808594,0.09375,0.097656,0.089844,0.091797,0.506761,0.496068,0.006761,-0.003932,false,false,0,0,false,false,false,false,false,false,11,0.999899,false,146.865016,0.506806,0.070561,false,
m073,F025,1,water,public/monsters/m073.webp,170122,f5c621f611032bca80b017b7d584aa3eb975275eca99dc326f7e4487b1aa8667,512,512,0,255,0.66642,0.304111,0.31794,0.013828,0.966797,0.890625,0.027344,0.082031,0.019531,0.013672,0.507222,0.513245,0.007222,0.013245,false,false,0,0,false,false,false,false,false,false,1,1,false,169.264484,0.534473,0.060872,false,
m074,F025,2,water,public/monsters/m074.webp,213984,2cd186a4478473991936395ae3435b6c68f438b3ebb2df034d6d72dac67b290f,512,512,0,255,0.606354,0.354454,0.373432,0.018978,0.980469,0.947266,0.015625,0.037109,0.011719,0.007813,0.50788,0.502234,0.00788,0.002234,false,true,0,0,false,false,false,false,false,false,6,0.999949,false,172.62935,0.563467,0.06667,false,
m075,F025,3,water,public/monsters/m075.webp,300530,945506e03033f58989090060fc28db18ad26615d4f2991c8b5f1f3de72478f1d,512,512,0,255,0.455723,0.428249,0.481514,0.053265,0.984375,0.972656,0.009766,0.017578,0.007813,0.007813,0.509981,0.517177,0.009981,0.017177,false,true,0,0,false,false,false,false,false,false,88,0.988505,false,175.850296,0.536303,0.075031,false,
m076,F026,1,water,public/monsters/m076.webp,219508,134988f2f11b9da210e3b0f8d49aa93ea8fa0c0f04e87350a5c43d22c6e59873,512,512,0,255,0.558559,0.384792,0.411274,0.026482,0.814453,0.912109,0.044922,0.042969,0.115234,0.070313,0.528515,0.440618,0.028515,-0.059382,false,false,0,0,false,false,false,false,false,false,23,0.98694,false,183.432455,0.527164,0.046626,false,
m077,F026,2,water,public/monsters/m077.webp,298276,742a66afaf7bc4b11b2c3f9d71f2f317de7f3add4beddb3f23da046325bdb8bc,512,512,0,255,0.431816,0.464172,0.510647,0.046474,0.914063,0.962891,0.021484,0.015625,0.050781,0.035156,0.527202,0.45187,0.027202,-0.04813,false,false,0,0,false,false,false,false,false,false,43,0.974825,false,184.29139,0.533651,0.054085,false,
m078,F026,3,water,public/monsters/m078.webp,376190,9e8ec05cb825cb7567c24be07475c300453990929843842cdeddf80b82c0f698,512,512,0,255,0.324387,0.53315,0.617825,0.084675,0.951172,0.984375,0.007813,0.007813,0.023438,0.025391,0.505008,0.489767,0.005008,-0.010233,false,true,0,0,false,false,false,false,false,false,51,0.985842,false,184.695531,0.508525,0.056694,false,
m079,F027,1,poison,public/monsters/m079.webp,86630,a835f1b2970431be7433e769e35258c0d83b8190711b7a37949b0375e036504f,512,512,0,255,0.526123,0.399357,0.441784,0.042427,0.90625,0.958984,0.023438,0.017578,0.042969,0.050781,0.517994,0.510237,0.017994,0.010237,false,false,0,0,false,false,false,false,false,false,17,0.987963,false,152.076873,0.490763,0.04676,false,
m080,F027,2,poison,public/monsters/m080.webp,140238,a58141b8a13785ddfedee232f72bf6adb46d911b581e4714abcbf5004f15bca3,512,512,0,254,0.381092,0.428989,0.551479,0.12249,0.925781,0.992188,0.005859,0.001953,0.035156,0.039063,0.510652,0.468403,0.010652,-0.031597,false,true,0,0,false,false,false,false,false,false,3,0.999447,false,92.72247,0.475192,0.060371,false,alphaFringeRatio
m081,F027,3,poison,public/monsters/m081.webp,152450,2daea4399372cbdcd975293609139adb4e912305153929b7bc10bb1d5ce0c284,512,512,0,254,0.353588,0.482952,0.594505,0.111553,0.917969,0.992188,0,0.007813,0.042969,0.039063,0.526211,0.50708,0.026211,0.00708,true,true,1,0,false,false,false,false,false,false,16,0.998877,false,110.517178,0.451511,0.065514,false,
m082,F028,1,grass,public/monsters/m082.webp,56534,6de588fc3674bff146a6d8b363e22a92a4fcdb3d943dabe18c19eac4741d711a,512,512,0,255,0.655891,0.22707,0.293137,0.066067,0.833984,0.847656,0.076172,0.076172,0.082031,0.083984,0.526478,0.464052,0.026478,-0.035948,false,false,0,0,false,false,false,false,false,false,205,0.970746,false,125.898517,0.48534,0.039505,false,
m083,F028,2,grass,public/monsters/m083.webp,64168,e11f68157b54b4ec22e7c0faa74c6801fc5bfd30a517f924c087ff9b312caee7,512,512,0,255,0.593945,0.298,0.358921,0.060921,0.722656,0.847656,0.076172,0.076172,0.138672,0.138672,0.477349,0.510127,-0.022651,0.010127,false,false,0,0,false,false,false,false,false,false,225,0.992199,false,118.559425,0.484474,0.045464,false,
m084,F028,3,grass,public/monsters/m084.webp,60802,bb9b10c4bffb93b996b271380cb93fcdbcf195bda209a4fb46af423447d51dea,512,512,0,255,0.443512,0.496468,0.527611,0.031143,0.847656,0.822266,0.087891,0.089844,0.076172,0.076172,0.514346,0.522784,0.014346,0.022784,false,false,0,0,false,false,false,false,false,false,60,0.99423,false,133.162555,0.42365,0.056843,false,
m085,F029,1,grass,public/monsters/m085.webp,36554,09082fa6609b7ffd378d748cfba1392a651956c741b8a78320c3c03997169448,512,512,0,255,0.590748,0.339367,0.378944,0.039577,0.847656,0.839844,0.080078,0.080078,0.076172,0.076172,0.479602,0.579481,-0.020398,0.079481,false,false,0,0,false,false,false,false,false,false,112,0.979454,false,108.299202,0.612155,0.026656,false,
m086,F029,2,grass,public/monsters/m086.webp,44700,d4f423580b7a665f998d464329e2660c6a671375753eaeafb1dabff872dd6a36,512,512,0,255,0.558979,0.372875,0.411091,0.038216,0.722656,0.847656,0.076172,0.076172,0.138672,0.138672,0.516448,0.535371,0.016448,0.035371,false,false,0,0,false,false,false,false,false,false,140,0.984392,false,102.842525,0.604295,0.034974,false,
m087,F029,3,grass,public/monsters/m087.webp,55818,f59cb06267582741b720ace74feca397aaf25dd79a1f7e0b5dadd3cb7f720780,512,512,0,255,0.480999,0.470722,0.497215,0.026493,0.847656,0.771484,0.113281,0.115234,0.076172,0.076172,0.523873,0.551976,0.023873,0.051976,false,false,0,0,false,false,false,false,false,false,42,0.999647,false,100.357615,0.551161,0.056409,false,
m088,F030,1,fight,public/monsters/m088.webp,29644,9feb6d757e66ec8ea5147acb6746e7f301245f0f393a689bd996178a278a0649,512,512,255,255,0,1,1,0,1,1,0,0,0,0,0.499023,0.499023,-0.000977,-0.000977,true,true,4,4,true,true,true,true,false,false,1,1,false,220.852764,0.082324,0.017872,false,
m089,F030,2,fight,public/monsters/m089.webp,33720,186d1196a84f6fec7b1ca806285f6f98410473ed9c65fca255100a1764a298a8,512,512,255,255,0,1,1,0,1,1,0,0,0,0,0.499023,0.499023,-0.000977,-0.000977,true,true,4,4,true,true,true,true,false,false,1,1,false,215.703348,0.085092,0.021982,false,
m090,F030,3,fight,public/monsters/m090.webp,38840,06ee2343c5cd6f397f0fd2d45078f91624ec82be72839bc7722bc810dfdf9760,512,512,255,255,0,1,1,0,1,1,0,0,0,0,0.499023,0.499023,-0.000977,-0.000977,true,true,4,4,true,true,true,true,false,false,1,1,false,211.537828,0.107184,0.023703,false,
m091,F031,1,fight,public/monsters/m091.webp,21680,dc33a3a9b65608fbcf4ba8a0f60b26c42577ff33f706f94d15a6ca640881d428,512,512,255,255,0,1,1,0,1,1,0,0,0,0,0.499023,0.499023,-0.000977,-0.000977,true,true,4,4,true,true,true,true,false,false,1,1,false,235.821509,0.035173,0.011801,false,
m092,F031,2,fight,public/monsters/m092.webp,23418,f728f366ac13ce8460cb196975c490209ce99721c54446cadc3520405fd87195,512,512,255,255,0,1,1,0,1,1,0,0,0,0,0.499023,0.499023,-0.000977,-0.000977,true,true,4,4,true,true,true,true,false,false,1,1,false,235.264777,0.041199,0.014938,false,
m093,F031,3,fight,public/monsters/m093.webp,36810,7f8414435d44125b259d337de934eec025ed77dfdf962556373b43bcff827eef,512,512,255,255,0,1,1,0,1,1,0,0,0,0,0.499023,0.499023,-0.000977,-0.000977,true,true,4,4,true,true,true,true,false,false,1,1,false,221.337132,0.075695,0.024145,false,
m094,F032,1,flying,public/monsters/m094.webp,170860,63763a4df307a8d517f87b83a27fa82be8da4aa5dad70d8034f8ca684549d518,512,512,0,255,0.618423,0.335613,0.356407,0.020794,0.951172,0.775391,0.091797,0.132813,0.011719,0.037109,0.527187,0.487113,0.027187,-0.012887,false,false,0,0,false,false,false,false,false,false,9,0.917682,false,153.808702,0.394602,0.041325,false,
m095,F032,2,flying,public/monsters/m095.webp,225652,d7b710c42168e6eb46cf5143596d367be48f5e1b7643b7d393c90c26e039cf79,512,512,0,255,0.529678,0.368912,0.419285,0.050373,0.988281,0.980469,0.009766,0.009766,0.005859,0.005859,0.517127,0.475833,0.017127,-0.024167,false,true,0,0,false,false,false,false,false,false,65,0.996215,false,144.52725,0.423341,0.048785,false,
m096,F032,3,flying,public/monsters/m096.webp,316690,47a2dc375318963773f486ba7e7edfd42bfae2e095c56b9fcca31e40849b3c26,512,512,0,255,0.326344,0.579815,0.630867,0.051052,0.984375,0.976563,0.009766,0.013672,0.007813,0.007813,0.507192,0.488978,0.007192,-0.011022,false,true,0,0,false,false,false,false,false,false,34,0.999758,false,133.326325,0.448001,0.047862,false,
m097,F033,1,psychic,public/monsters/m097.webp,47942,37a0a4986062bc26dce7a0b8dbcf1f2e54d1865f32e5c06cf9c1240c45bdee27,512,512,255,255,0,1,1,0,1,1,0,0,0,0,0.499023,0.499023,-0.000977,-0.000977,true,true,4,4,true,true,true,true,false,false,1,1,false,221.061228,0.1179,0.023571,false,
m098,F033,2,psychic,public/monsters/m098.webp,48808,a690c5ecd531d2208352ccbf68ba3d798d861f79afc2cfe1fb08af7ed07df5be,512,512,255,255,0,1,1,0,1,1,0,0,0,0,0.499023,0.499023,-0.000977,-0.000977,true,true,4,4,true,true,true,true,false,false,1,1,false,212.680828,0.114485,0.025218,false,
m099,F033,3,psychic,public/monsters/m099.webp,44244,4aee3944a5b844f33246f04b2c1d52b95dc18c651c6083322bd5688a3dbbb941,512,512,255,255,0,1,1,0,1,1,0,0,0,0,0.499023,0.499023,-0.000977,-0.000977,true,true,4,4,true,true,true,true,false,false,1,1,false,223.737778,0.094234,0.022677,false,
m100,F034,1,normal,public/monsters/m100.webp,60220,57eb537b1722585b13685c1e67b04d6f080b56749f59614113884cd97a074bf1,640,640,0,255,0.470874,0.50498,0.516973,0.011992,0.882813,0.985938,0.00625,0.007813,0.104688,0.0125,0.563131,0.483189,0.063131,-0.016811,false,true,0,0,false,false,false,false,false,false,1,1,false,191.415876,0.250748,0.034131,false,
m101,F034,2,normal,public/monsters/m101.webp,80188,a83076f04ab74b22b333718a311979038a6988234a91f3a7d8ab072c079a25b3,640,640,0,255,0.457175,0.508015,0.525569,0.017554,0.925,0.9875,0.004687,0.007813,0.035937,0.039063,0.500493,0.454067,0.000493,-0.045933,false,true,0,0,false,false,false,false,false,false,5,0.999981,false,163.771263,0.343539,0.04799,false,
m102,F034,3,normal,public/monsters/m102.webp,97720,6e8bbe8ec22b409d97d1e03169ba06527bf786d20e2058411d4c0cc6a0aca728,640,640,0,255,0.394404,0.564216,0.585903,0.021687,0.95,0.989062,0.001563,0.009375,0.023438,0.026562,0.49702,0.496725,-0.00298,-0.003275,false,true,0,0,false,false,false,false,false,false,12,0.999946,false,128.214826,0.397988,0.046631,false,
m103,F035,1,ice,public/monsters/m103.webp,26340,c412105331be01a912d69408162ad6b27e59c1d603eed780804c421b9c8ca07f,512,512,255,255,0,1,1,0,1,1,0,0,0,0,0.499023,0.499023,-0.000977,-0.000977,true,true,4,4,true,true,true,false,false,false,1,1,false,99.458043,0.66664,0.010093,false,
m104,F035,2,ice,public/monsters/m104.webp,44588,ef173a339c5b1b62fa63aa5a4142cc0a6c62b00bc0f3dac66ed48fcc938ec786,512,512,255,255,0,1,1,0,1,1,0,0,0,0,0.499023,0.499023,-0.000977,-0.000977,true,true,4,4,true,true,true,false,false,false,1,1,false,134.080335,0.675579,0.01628,false,
m105,F035,3,ice,public/monsters/m105.webp,61624,cad0fd4963fdcb66790500d4df50d0ba727047b4621a1fed63890a60a7bea676,512,512,255,255,0,1,1,0,1,1,0,0,0,0,0.499023,0.499023,-0.000977,-0.000977,true,true,4,4,true,true,true,false,false,false,1,1,false,152.481209,0.545307,0.025617,false,
m106,F036,1,dark,public/monsters/m106.webp,185116,ef3603f86b8729db956749dd60481d1660df819137c4f101210b83ffc1de5e6d,512,512,255,255,0,1,1,0,1,1,0,0,0,0,0.499023,0.499023,-0.000977,-0.000977,true,true,4,4,true,true,true,true,false,false,1,1,false,178.654654,0.10592,0.018513,false,
m107,F036,2,dark,public/monsters/m107.webp,221094,d5a6c1a4e9c831273632a329d04e8f208884256f0066577d0cddb845c4d740c9,512,512,255,255,0,1,1,0,1,1,0,0,0,0,0.499023,0.499023,-0.000977,-0.000977,true,true,4,4,true,true,true,true,false,false,1,1,false,178.407658,0.130553,0.023466,false,
m108,F036,3,dark,public/monsters/m108.webp,255738,a02070eb731c6b714074f51fc5bb66b37f143986599136207a57c33ae474ddd1,512,512,255,255,0,1,1,0,1,1,0,0,0,0,0.499023,0.499023,-0.000977,-0.000977,true,true,4,4,true,true,true,true,false,false,1,1,false,156.511007,0.197532,0.031594,false,
m109,F037,1,ghost,public/monsters/m109.webp,107976,56683e8a9385c0572814ec4ae07b27d1bdb56681918c767cd4bba0a59ddc7bc3,512,512,0,255,0.685543,0.17038,0.229816,0.059437,0.544922,0.841797,0.078125,0.080078,0.179688,0.275391,0.485058,0.491781,-0.014942,-0.008219,false,false,0,0,false,false,false,false,false,false,36,0.932609,false,196.206109,0.390792,0.02203,false,
m110,F037,2,ghost,public/monsters/m110.webp,108662,73176396161056e8486594ca3e717aac22950ef595988df2c97a907180e17f01,512,512,0,255,0.706291,0.145897,0.200089,0.054192,0.546875,0.859375,0.070313,0.070313,0.224609,0.228516,0.427229,0.492997,-0.072771,-0.007003,false,false,0,0,false,false,false,false,false,false,41,0.999047,false,194.940637,0.389448,0.024137,false,
m111,F037,3,ghost,public/monsters/m111.webp,125386,3f16c09674f181a121dbcd43e709e0339780691c4a6a067eb31173338df96744,512,512,0,255,0.719444,0.153141,0.214397,0.061256,0.449219,0.867188,0.066406,0.066406,0.273438,0.277344,0.488586,0.506999,-0.011414,0.006999,false,false,0,0,false,false,false,false,false,false,34,0.999217,false,176.564591,0.464783,0.030953,false,
m112,F038,1,ghost,public/monsters/m112.webp,114588,110a8b233a238a2fd516ea2c1857dfd6778e8dd4ba72f88097fb421171a4bb0f,512,512,0,255,0.657677,0.200924,0.249298,0.048374,0.730469,0.841797,0.080078,0.078125,0.177734,0.091797,0.504789,0.568483,0.004789,0.068483,false,false,0,0,false,false,false,false,false,false,31,0.999327,false,159.479091,0.327265,0.026592,false,
m113,F038,2,ghost,public/monsters/m113.webp,132548,639e5e504a84ad042d899fb083eafcd2bd6ab35fb4c4e58edfb886b1e76fa4c3,512,512,0,255,0.714039,0.128616,0.212292,0.083675,0.535156,0.861328,0.068359,0.070313,0.228516,0.236328,0.462602,0.507011,-0.037398,0.007011,false,false,0,0,false,false,false,false,false,false,78,0.997664,false,143.871916,0.403308,0.039273,false,
m114,F038,3,ghost,public/monsters/m114.webp,139360,7c46cd19af56cff0bc507fc5970e929194641d14e71374e5d9f433390e714538,512,512,0,255,0.725052,0.138454,0.217915,0.07946,0.408203,0.884766,0.064453,0.050781,0.285156,0.306641,0.502907,0.485783,0.002907,-0.014217,false,false,0,0,false,false,false,false,false,false,32,0.9993,false,134.774708,0.475902,0.044114,false,
m115,F039,1,fairy,public/monsters/m115.webp,37252,e9a311c545dd483d00b952fc697a54311c9f36054d92fd1aca9f127fda8e2498,512,512,255,255,0,1,1,0,1,1,0,0,0,0,0.499023,0.499023,-0.000977,-0.000977,true,true,4,4,true,true,true,true,false,false,1,1,false,227.546426,0.112268,0.012046,false,
m116,F039,2,fairy,public/monsters/m116.webp,61672,525e01b9504981e255aba8d76817ebf67d16c241c9445332cd1aa11d3f768b75,512,512,255,255,0,1,1,0,1,1,0,0,0,0,0.499023,0.499023,-0.000977,-0.000977,true,true,4,4,true,true,true,true,false,false,1,1,false,224.167562,0.101104,0.023012,false,
m117,F040,1,normal,public/monsters/m117.webp,70414,6fefdb100e95c03527aaa81f80989e46676a58aed6e9715967eaec80f46ec43c,640,640,0,255,0.441843,0.526252,0.543018,0.016765,0.970313,0.992188,0.001563,0.00625,0.0125,0.017188,0.476704,0.464873,-0.023296,-0.035127,false,true,0,0,false,false,false,false,false,false,12,0.999946,false,113.13304,0.448657,0.033117,false,
m118,F040,2,normal,public/monsters/m118.webp,95324,470bf466d5e93529b9559efaa8b41aa5509ecf1ccdcdca889f53c547814ba246,640,640,0,255,0.322043,0.643818,0.662297,0.018479,0.985938,0.984375,0.009375,0.00625,0.00625,0.007813,0.511263,0.511538,0.011263,0.011538,false,true,0,0,false,false,false,false,false,false,8,0.999974,false,112.247447,0.45199,0.041849,false,
m119,F041,1,ice,public/monsters/m119.webp,19650,a45a7986040e17e2546aba5c00a1382fafc11107a25e8cf4c7168c54616995be,512,512,255,255,0,1,1,0,1,1,0,0,0,0,0.499023,0.499023,-0.000977,-0.000977,true,true,4,4,true,true,true,false,false,false,1,1,false,114.192579,0.498,0.006394,false,
m120,F041,2,ice,public/monsters/m120.webp,32982,d237cf346e63c02c57d1ee437c016f8009825cc812549cc8f487a342e758acb9,512,512,255,255,0,1,1,0,1,1,0,0,0,0,0.499023,0.499023,-0.000977,-0.000977,true,true,4,4,true,true,true,false,false,false,1,1,false,148.990948,0.586935,0.010651,false,
m121,F041,3,ice,public/monsters/m121.webp,51078,70643fc59c6c737b800e905367120b92ecb0ab6aa19bae24192dde5a0a6dfe06,512,512,255,255,0,1,1,0,1,1,0,0,0,0,0.499023,0.499023,-0.000977,-0.000977,true,true,4,4,true,true,true,false,false,false,1,1,false,175.362111,0.505633,0.016376,false,
m122,F042,1,ice,public/monsters/m122.webp,27290,3e8a80919815acc9f38e1b8b89f3ad4d7727fa3db8b403ad3098863facf07d81,512,512,255,255,0,1,1,0,1,1,0,0,0,0,0.499023,0.499023,-0.000977,-0.000977,true,true,4,4,true,true,true,false,false,false,1,1,false,115.678258,0.571526,0.009808,false,
m123,F042,2,ice,public/monsters/m123.webp,44194,e86c6dc34aa7f4e2189a22edceff4b2b02c94556cd21d017084aa4adea02044b,512,512,255,255,0,1,1,0,1,1,0,0,0,0,0.499023,0.499023,-0.000977,-0.000977,true,true,4,4,true,true,true,false,false,false,1,1,false,134.315622,0.648506,0.016565,false,
m124,F042,3,ice,public/monsters/m124.webp,64690,d52a25b49c07652261a16a6c3237121ae62608d6c1f64dbe7d4229297fee0078,512,512,255,255,0,1,1,0,1,1,0,0,0,0,0.499023,0.499023,-0.000977,-0.000977,true,true,4,4,true,true,true,false,true,false,1,1,false,162.984247,0.510735,0.025841,false,
m125,F043,1,ice,public/monsters/m125.webp,31844,d0737155f5883cf7a25c47984370dc976af94e50cafd1069401c87d4e9f650c6,512,512,255,255,0,1,1,0,1,1,0,0,0,0,0.499023,0.499023,-0.000977,-0.000977,true,true,4,4,true,true,true,false,true,false,1,1,false,106.332189,0.594851,0.012824,false,
m126,F043,2,ice,public/monsters/m126.webp,46590,43bae154ede29a7c93cee2783f59e23fc9d4d62d11b8a506c4b7dc5be9fc9a03,512,512,255,255,0,1,1,0,1,1,0,0,0,0,0.499023,0.499023,-0.000977,-0.000977,true,true,4,4,true,true,true,false,true,false,1,1,false,110.287395,0.595191,0.019175,false,
m127,F043,3,ice,public/monsters/m127.webp,51512,dda15ac25c30a71b5490c165c34b647f093adb7a72dfe5c522d72152b5cdf07a,512,512,255,255,0,1,1,0,1,1,0,0,0,0,0.499023,0.499023,-0.000977,-0.000977,true,true,4,4,true,true,true,false,true,false,1,1,false,99.362089,0.607087,0.022913,false,
m128,F044,1,water,public/monsters/m128.webp,207434,f16c96b46d53bfa5db5820d90ba7a695a8bc009288944291de01b982bbcaf556,512,512,0,255,0.491253,0.476696,0.491409,0.014713,0.947266,0.857422,0.074219,0.068359,0.025391,0.027344,0.482444,0.535051,-0.017556,0.035051,false,false,0,0,false,false,false,false,false,false,9,0.980733,false,194.477248,0.30236,0.036661,false,
m129,F044,2,water,public/monsters/m129.webp,272802,b1d657b0733a762638f8d249aaafdc62e0a057c8ade4c7693fdef10ceb5b0e72,512,512,0,255,0.387661,0.554447,0.580643,0.026196,0.992188,0.96875,0.009766,0.021484,0.007813,0,0.523498,0.52252,0.023498,0.02252,true,true,1,0,false,false,false,false,false,false,32,0.983779,false,189.588079,0.374836,0.044941,false,
m130,F044,3,water,public/monsters/m130.webp,320520,aa178fa1b929ec54ae5bb59f924d33fe0544a5282efbbcb1ea872a0fcd077709,512,512,0,255,0.333298,0.549202,0.604015,0.054813,1,0.994141,0,0.005859,0,0,0.526609,0.520049,0.026609,0.020049,true,true,3,0,false,false,false,false,false,false,92,0.978773,false,189.134609,0.387117,0.055271,false,
m131,F045,1,water,public/monsters/m131.webp,208082,bd498c013b8fd11f7f047d5b60c14d81ff50e9aaf8a6f4b01ed847f5e97fa346,512,512,0,255,0.62748,0.27853,0.325157,0.046627,0.691406,0.976563,0.011719,0.011719,0.138672,0.169922,0.521475,0.508854,0.021475,0.008854,false,false,0,0,false,false,false,false,false,false,48,0.939194,false,189.794927,0.417733,0.062988,false,
m132,F045,2,water,public/monsters/m132.webp,278476,46a3db5cf7854952cb6a3e958636a6e100f64e455a01f23b0661224b5128d8e7,512,512,0,255,0.524654,0.343792,0.41164,0.067848,0.765625,0.994141,0.003906,0.001953,0.138672,0.095703,0.543715,0.479089,0.043715,-0.020911,false,true,0,0,false,false,false,false,false,false,101,0.981234,false,190.977306,0.460005,0.070313,false,
m133,F045,3,water,public/monsters/m133.webp,310940,3a5db2f4e7f6aca180dca1f65d776171661602cf824b4e0ce7016aad1ca15198,512,512,0,255,0.449547,0.394283,0.474007,0.079723,0.875,1,0,0,0.0625,0.0625,0.517891,0.478705,0.017891,-0.021295,true,true,2,0,false,false,false,false,false,false,90,0.975068,false,185.40934,0.496627,0.067427,false,
m134,F046,1,grass,public/monsters/m134.webp,19320,cb5adcaf135a26e2bf018b0f3a59b7a0c017d770be92f38efd1b4836a0a4c1e9,512,512,255,255,0,1,1,0,1,1,0,0,0,0,0.499023,0.499023,-0.000977,-0.000977,true,true,4,4,true,true,true,true,false,false,1,1,false,240.264492,0.055013,0.011648,false,
m135,F046,2,grass,public/monsters/m135.webp,22938,4334c2d95043a4d26636027179dfc6b40af86704b216a91ce946b98641e9c551,512,512,255,255,0,1,1,0,1,1,0,0,0,0,0.499023,0.499023,-0.000977,-0.000977,true,true,4,4,true,true,true,true,false,false,1,1,false,236.80614,0.050687,0.014405,false,
m136,F046,3,grass,public/monsters/m136.webp,41548,4ae00e01f9879be90c2f62c412f5eddc1fbcec77ba6182eb8e98189827f155ed,512,512,255,255,0,1,1,0,1,1,0,0,0,0,0.499023,0.499023,-0.000977,-0.000977,true,true,4,4,true,true,true,true,false,false,1,1,false,210.971785,0.133802,0.02531,false,
m137,F047,1,bug,public/monsters/m137.webp,211110,ced1a4f52fdbebcaeea6a0e757e6de176ede235407eddb5467ba1e4fd81ab820,512,512,0,255,0.660133,0.290466,0.313671,0.023205,0.833984,0.939453,0.035156,0.025391,0.119141,0.046875,0.469843,0.509248,-0.030157,0.009248,false,false,0,0,false,false,false,false,false,false,9,0.999903,false,140.885558,0.52351,0.082426,false,
m138,F047,2,bug,public/monsters/m138.webp,304770,bbc787b8c831b03763cc770d8ec2a3bd99d64f2be3cc2398b612fac4280ed82b,512,512,0,255,0.519737,0.413155,0.446327,0.033173,0.919922,0.972656,0.013672,0.013672,0.048828,0.03125,0.510421,0.468048,0.010421,-0.031952,false,false,0,0,false,false,false,false,false,false,16,0.999829,false,146.677712,0.572149,0.085566,false,
m139,F047,3,bug,public/monsters/m139.webp,354736,c83b04c4e2d7c4574bdd30a9f7809e3770304909503316cdcdaa4981165fe30a,512,512,0,255,0.443954,0.476051,0.516911,0.040859,0.958984,0.976563,0.013672,0.009766,0.029297,0.011719,0.521701,0.477634,0.021701,-0.022366,false,true,0,0,false,false,false,false,false,false,28,0.999756,false,148.487924,0.610225,0.084867,false,
m140,F048,1,bug,public/monsters/m140.webp,241120,0455c4c120068ca233dfd5c514d0a6023be637cdf90a7495861959082f8e65cb,512,512,0,255,0.585258,0.329544,0.374439,0.044895,0.980469,0.966797,0.019531,0.013672,0.011719,0.007813,0.540054,0.418012,0.040054,-0.081988,false,true,0,0,false,false,false,false,false,false,27,0.999664,false,150.497382,0.42638,0.072743,false,
m141,F048,2,bug,public/monsters/m141.webp,288946,b8be7ddfcf8f5b33a37b1e20bd8c26ef73d76444cf06e93e5f06ef428f4f523b,512,512,0,255,0.515354,0.36945,0.426258,0.056808,0.994141,0.998047,0,0.001953,0.005859,0,0.555958,0.468556,0.055958,-0.031444,true,true,2,0,false,false,false,false,false,false,36,0.999463,false,158.099124,0.475904,0.083754,false,
m142,F048,3,bug,public/monsters/m142.webp,349406,8bac25f9431f18983088b6203809ce1f38159f13bf90dff9bdc33f691139c1c9,512,512,0,255,0.41774,0.456116,0.525185,0.069069,0.994141,0.998047,0,0.001953,0.005859,0,0.569508,0.474374,0.069508,-0.025626,true,true,2,0,false,false,false,false,false,false,58,0.999426,false,166.143,0.454738,0.082133,false,
m143,F049,1,psychic,public/monsters/m143.webp,48386,c7a9d1fccd7d45d12d77a234739002b29a7b89b741a5d13b70392cbe2ea704d6,512,512,255,255,0,1,1,0,1,1,0,0,0,0,0.499023,0.499023,-0.000977,-0.000977,true,true,4,4,true,true,true,true,false,false,1,1,false,226.664536,0.093514,0.023291,false,
m144,F049,2,psychic,public/monsters/m144.webp,51102,c571ff90d7629f1e4f2b6841263cbb17de929f0c82de2a4e7a1711bd75cd79b1,512,512,255,255,0,1,1,0,1,1,0,0,0,0,0.499023,0.499023,-0.000977,-0.000977,true,true,4,4,true,true,true,true,false,false,1,1,false,223.452848,0.104591,0.024676,false,
m145,F050,1,ghost,public/monsters/m145.webp,117224,d0760af8f17e6fd9df8be9e6a993f372784cd5133919c9359d82a297dcd8252e,512,512,0,255,0.703781,0.184784,0.230228,0.045444,0.679688,0.847656,0.076172,0.076172,0.169922,0.150391,0.471551,0.559563,-0.028449,0.059563,false,false,0,0,false,false,false,false,false,false,22,0.999437,false,143.485546,0.412768,0.036071,false,
m146,F050,2,ghost,public/monsters/m146.webp,113216,fbfcb143e91b9724bd19138bc48000f7cba2fa29feb5ce9802b13050cd153eb9,512,512,0,255,0.739052,0.145794,0.18602,0.040226,0.511719,0.867188,0.066406,0.066406,0.244141,0.244141,0.45539,0.529349,-0.04461,0.029349,false,false,0,0,false,false,false,false,false,false,57,0.9984,false,147.128231,0.388132,0.044645,false,
m147,F050,3,ghost,public/monsters/m147.webp,166258,eb37efe61c306f096181fc03408f917a6121bb57b0ad81b3f10e565d345f6fcd,512,512,0,255,0.659763,0.198391,0.275032,0.076641,0.470703,0.878906,0.054688,0.066406,0.263672,0.265625,0.487819,0.485054,-0.012181,-0.014946,false,false,0,0,false,false,false,false,false,false,78,0.998641,false,151.078197,0.398426,0.04832,false,
m148,F051,1,dark,public/monsters/m148.webp,213096,b52b5db491c3ee9cab92a5d10a32d1e19d2fbbd4b90806152319a7a31b811b40,512,512,255,255,0,1,1,0,1,1,0,0,0,0,0.499023,0.499023,-0.000977,-0.000977,true,true,4,4,true,true,true,true,false,false,1,1,false,197.408877,0.077615,0.028926,false,
m149,F051,2,dark,public/monsters/m149.webp,264676,3863fa3af9b04826867e0cfc534e687cfb8b597d70c53adfe1a7075fcc8efda6,512,512,255,255,0,1,1,0,1,1,0,0,0,0,0.499023,0.499023,-0.000977,-0.000977,true,true,4,4,true,true,true,true,false,false,1,1,false,173.500739,0.109159,0.043555,false,
m150,F051,3,dark,public/monsters/m150.webp,260354,3b15b67d81a062800f86ebea0a0b6fc16309298c67792a7b0d2d0f765840bba0,512,512,255,255,0,1,1,0,1,1,0,0,0,0,0.499023,0.499023,-0.000977,-0.000977,true,true,4,4,true,true,true,true,false,false,1,1,false,186.813613,0.088833,0.037573,false,
m151,F052,1,dark,public/monsters/m151.webp,224938,aeb13c02b9a1ab6a6d5d8269a95e03b2f8f48b9e45e8f4b53ad1f2627a19b795,512,512,255,255,0,1,1,0,1,1,0,0,0,0,0.499023,0.499023,-0.000977,-0.000977,true,true,4,4,true,true,true,true,false,false,1,1,false,161.652654,0.175117,0.025248,false,
m152,F052,2,dark,public/monsters/m152.webp,217386,70e1331730eea6c516e457880df91ed026c8cc43c8a441d643e9e0fd338e008e,512,512,255,255,0,1,1,0,1,1,0,0,0,0,0.499023,0.499023,-0.000977,-0.000977,true,true,4,4,true,true,true,true,false,false,1,1,false,178.723646,0.172698,0.026182,false,
m153,F052,3,dark,public/monsters/m153.webp,287056,8f2aae3a48ff3a33ecadd64b1fefaee105000868868b05110b52dd8617b65751,512,512,255,255,0,1,1,0,1,1,0,0,0,0,0.499023,0.499023,-0.000977,-0.000977,true,true,4,4,true,true,true,true,false,false,1,1,false,157.430734,0.244655,0.037326,false,
m154,F053,1,steel,public/monsters/m154.webp,51200,8d1732f3eda93abee5de79bae2f4ba9a1f5fb32791879a8c4bdf6794eff75b2a,512,512,0,255,0.688473,0.293941,0.303123,0.009182,0.902344,0.625,0.169922,0.205078,0.048828,0.048828,0.490511,0.502928,-0.009489,0.002928,false,false,0,0,false,false,false,false,false,false,2,0.999987,false,101.966696,0.199707,0.07443,false,
m155,F053,2,steel,public/monsters/m155.webp,65428,45bb2ac514bad68f2797218fa530b44941706755b8b60f78de02afbffa3bf5d4,512,512,0,255,0.619507,0.359409,0.370438,0.011028,0.894531,0.75,0.095703,0.154297,0.054688,0.050781,0.508296,0.505212,0.008296,0.005212,false,false,0,0,false,false,false,false,false,false,2,0.99999,false,103.347781,0.230204,0.082569,false,
m156,F053,3,steel,public/monsters/m156.webp,74912,49e21a745707317e1695dbda09904d836f39f1240a0fc06ce934358e3bb4ced7,512,512,0,255,0.551128,0.425133,0.43779,0.012657,0.90625,0.816406,0.091797,0.091797,0.046875,0.046875,0.523091,0.536301,0.023091,0.036301,false,false,0,0,false,false,false,false,false,false,4,0.999974,false,102.919017,0.233537,0.081286,false,
m157,F054,1,rock,public/monsters/m157.webp,33666,b16d083a908795dab3d5cac200a71656b0cec6ddbb4997314b7e02404c4d8c72,512,512,255,255,0,1,1,0,1,1,0,0,0,0,0.499023,0.499023,-0.000977,-0.000977,true,true,4,4,true,true,true,false,true,false,1,1,false,106.895199,0.486288,0.01403,false,
m158,F054,2,rock,public/monsters/m158.webp,44092,3f7fb18a03633e7513d78f83c251d82b2eecbc477aaaaf3e9d1659b99b0503f8,512,512,255,255,0,1,1,0,1,1,0,0,0,0,0.499023,0.499023,-0.000977,-0.000977,true,true,4,4,true,true,true,false,true,false,1,1,false,114.757463,0.472425,0.01916,false,
m159,F054,3,rock,public/monsters/m159.webp,45776,82eeabeabb525259cea05c19385551bafb69431c9253dde1da2d89632c423d0f,512,512,255,255,0,1,1,0,1,1,0,0,0,0,0.499023,0.499023,-0.000977,-0.000977,true,true,4,4,true,true,true,false,true,false,1,1,false,111.321367,0.465707,0.020454,false,
m160,F055,1,ground,public/monsters/m160.webp,10392,2723c2df407ea635de67b03ccfa897618af5a3168844cf78afffdcaeeca0119a,1024,1024,255,255,0,1,1,0,1,1,0,0,0,0,0.499512,0.499512,-0.000488,-0.000488,true,true,4,4,true,true,true,true,false,false,1,1,false,240.609373,0.029551,0.001719,false,
m161,F055,2,ground,public/monsters/m161.webp,19670,75f1cae7aec05cb8465ce676d52bfacd25d8ed44a8e415ff3982423f6bedd906,1024,1024,255,255,0,1,1,0,1,1,0,0,0,0,0.499512,0.499512,-0.000488,-0.000488,true,true,4,4,true,true,true,true,false,false,1,1,false,236.65062,0.0382,0.003615,false,
m162,F055,3,ground,public/monsters/m162.webp,26018,e02077ce4450fb710d5aff0f73717fea097cee06f13fb7d725bc559f14f871ca,1024,1024,255,255,0,1,1,0,1,1,0,0,0,0,0.499512,0.499512,-0.000488,-0.000488,true,true,4,4,true,true,true,true,false,false,1,1,false,233.898063,0.037474,0.004954,false,
m163,F056,1,ground,public/monsters/m163.webp,206950,3a03c64ded7e0eeb54823517f7d6c6a66d29050d6584877a7d130e80902a5340,1024,1024,0,255,0.530867,0.428134,0.445491,0.017357,0.875,0.856445,0.063477,0.080078,0.073242,0.051758,0.509724,0.544196,0.009724,0.044196,false,false,0,0,false,false,false,false,false,false,52,0.940203,false,92.731493,0.567183,0.038134,false,
m164,F056,2,ground,public/monsters/m164.webp,325550,001a5eab3b0c02981e2942b77dc2d8f8b28a4715a97285633c8439a4f0aba35c,1024,1024,0,255,0.406301,0.489494,0.551516,0.062021,0.964844,0.895508,0.052734,0.051758,0.023438,0.011719,0.497123,0.528737,-0.002877,0.028737,false,false,0,0,false,false,false,false,false,false,102,0.994956,false,90.158628,0.596561,0.043828,false,
m165,F056,3,ground,public/monsters/m165.webp,366464,42ea22e661523ee17478bb772589d1fded0180aa14ad9e15b7e9d7ae4bf8ee10,1024,1024,0,255,0.389868,0.521442,0.567237,0.045794,0.950195,0.958008,0.023438,0.018555,0.024414,0.025391,0.500255,0.550979,0.000255,0.050979,false,false,0,0,false,false,false,false,false,false,268,0.977732,false,91.768133,0.571952,0.051976,false,
m166,F057,1,poison,public/monsters/m166.webp,66884,6c984ec630ed4b810ddca71f47bd86eebb7f7f832aedc33653b789954e4442f1,512,512,0,255,0.599312,0.369312,0.390347,0.021034,0.708984,0.929688,0.021484,0.048828,0.142578,0.148438,0.503973,0.55689,0.003973,0.05689,false,false,0,0,false,false,false,false,false,false,1,1,false,97.977185,0.561524,0.053629,false,
m167,F057,2,poison,public/monsters/m167.webp,112294,c0faf3ba44f5a03fecff3a268404a378ebe39082175c190b05014c17d635557f,512,512,0,254,0.401756,0.521606,0.565845,0.044239,0.974609,0.986328,0,0.013672,0.011719,0.013672,0.557718,0.566353,0.057718,0.066353,true,true,1,0,false,false,false,false,false,false,1,1,false,74.596711,0.543322,0.059525,false,
m168,F057,3,poison,public/monsters/m168.webp,109644,d6c1e46fb2b7c6ea9cf2eb2fc482885991464707786699c9912ca4b28774b97f,512,512,0,255,0.39249,0.533199,0.572018,0.038818,0.888672,0.984375,0.005859,0.009766,0.058594,0.052734,0.533733,0.553433,0.033733,0.053433,false,true,0,0,false,false,false,false,false,false,1,1,false,84.517875,0.573995,0.058365,false,
m169,F058,1,fight,public/monsters/m169.webp,33490,a873476fb60ef9c2d91482be9adade297ade62a408a1064014c9505db9fa6a60,512,512,255,255,0,1,1,0,1,1,0,0,0,0,0.499023,0.499023,-0.000977,-0.000977,true,true,4,4,true,true,true,true,false,false,1,1,false,189.994617,0.104919,0.018461,false,
m170,F058,2,fight,public/monsters/m170.webp,40142,ea0735eb5dfff7ff122ef71883379e344c4ed77b414d64efce3370319b39cfa0,512,512,255,255,0,1,1,0,1,1,0,0,0,0,0.499023,0.499023,-0.000977,-0.000977,true,true,4,4,true,true,true,true,false,false,1,1,false,183.830386,0.123078,0.021771,false,
m171,F058,3,fight,public/monsters/m171.webp,49158,6aa722cfac571f2dd100a0f0748ca497cf3543f9d06ba247c0eaf7c7994cb94b,512,512,255,255,0,1,1,0,1,1,0,0,0,0,0.499023,0.499023,-0.000977,-0.000977,true,true,4,4,true,true,true,true,false,false,1,1,false,186.266154,0.127106,0.028369,false,
m172,F059,1,flying,public/monsters/m172.webp,238656,f0bc6dac01795a26f55bd42db2a7e82251da857f646b33e1e54750297401e185,512,512,0,255,0.539314,0.392235,0.426327,0.034092,0.943359,0.933594,0.03125,0.035156,0.035156,0.021484,0.513619,0.45484,0.013619,-0.04516,false,false,0,0,false,false,false,false,false,false,19,0.93511,false,179.975032,0.460752,0.045919,false,
m173,F059,2,flying,public/monsters/m173.webp,296466,0a2fcb7be35a769a7b5bd6ec24c0ff17db8ec08cc37c2d96769aac1018a0b8b6,512,512,0,255,0.463078,0.430119,0.481998,0.05188,0.988281,0.984375,0.005859,0.009766,0.007813,0.003906,0.502016,0.467906,0.002016,-0.032094,false,true,0,0,false,false,false,false,false,false,42,0.925866,false,170.006458,0.56147,0.052387,false,
m174,F059,3,flying,public/monsters/m174.webp,311152,c844cd15f827b81899890e114ea2b858ec1ae92f229b04058adbe12bdbfc7cb2,512,512,0,255,0.430931,0.470192,0.521076,0.050884,0.990234,0.990234,0.001953,0.007813,0.005859,0.003906,0.50263,0.468076,0.00263,-0.031924,false,true,0,0,false,false,false,false,false,false,43,0.934735,false,170.710744,0.551597,0.049644,false,
m175,F060,1,fairy,public/monsters/m175.webp,26376,20852c830f6bc78de7f0761f0f9fb651024ee50ed6120b9b341a74c0ee44424c,512,512,255,255,0,1,1,0,1,1,0,0,0,0,0.499023,0.499023,-0.000977,-0.000977,true,true,4,4,true,true,true,true,false,false,1,1,false,242.912609,0.030213,0.008933,false,
m176,F060,2,fairy,public/monsters/m176.webp,47242,0d2cdf88be4740235a6a3519000fad6f7248225231cdfd5aa26e330dc3b1e479,512,512,255,255,0,1,1,0,1,1,0,0,0,0,0.499023,0.499023,-0.000977,-0.000977,true,true,4,4,true,true,true,true,false,false,1,1,false,235.515116,0.051181,0.018441,false,
m177,F060,3,fairy,public/monsters/m177.webp,62748,8ab3bbbfe6943a0974ca0c32af6b60f085614b885e69d094d970054da4ce8aea,512,512,255,255,0,1,1,0,1,1,0,0,0,0,0.499023,0.499023,-0.000977,-0.000977,true,true,4,4,true,true,true,true,false,false,1,1,false,231.301838,0.054001,0.02445,false,
m178,F061,1,electric,public/monsters/m178.webp,66012,bc7da19777b70c34efa3cb468b20641d188a0934029069b804d2dbba33d329ee,512,512,0,255,0.727932,0.165508,0.244293,0.078785,0.695313,0.542969,0.226563,0.230469,0.199219,0.105469,0.532816,0.471861,0.032816,-0.028139,false,false,0,0,false,false,false,false,false,false,43,0.999126,true,159.095515,0.448437,0.061469,false,
m179,F061,2,electric,public/monsters/m179.webp,68666,bf01213107cadfd9817253e12ce002ffba586d85732689660ec11e69ccd183e2,512,512,0,255,0.717167,0.158566,0.248756,0.090191,0.773438,0.542969,0.228516,0.228516,0.136719,0.089844,0.502027,0.46893,0.002027,-0.03107,false,false,0,0,false,false,false,false,false,false,16,0.999739,true,158.177706,0.415213,0.057152,false,
m180,F061,3,electric,public/monsters/m180.webp,62116,8f21eca0bbc24d6894493a98f95934b9eaa81bb9eb780e2dd1564af7f96765c6,512,512,0,255,0.779667,0.141796,0.192131,0.050335,0.720703,0.533203,0.230469,0.236328,0.179688,0.099609,0.510376,0.479257,0.010376,-0.020743,false,false,0,0,false,false,false,false,false,false,28,0.999444,true,148.619053,0.516982,0.075327,false,
m181,F062,1,normal,public/monsters/m181.webp,56776,a5801c41b2b617263212915fdbc2d1e7ec288a3d41b7da15ec9ca29c95f5690c,640,640,0,255,0.544109,0.431472,0.444897,0.013425,0.7375,0.996875,0.001563,0.001563,0.157812,0.104688,0.528612,0.497992,0.028612,-0.002008,false,true,0,0,false,false,false,false,false,false,4,0.999984,false,114.296752,0.516213,0.035634,false,
m182,F062,2,normal,public/monsters/m182.webp,96794,20cbebbd6fde1a98f659bba1f6981cbb6c239de295c695b8911d6a259905b4a6,640,640,0,255,0.304326,0.662524,0.681118,0.018594,0.985938,0.985938,0.00625,0.007813,0.007813,0.00625,0.509553,0.499973,0.009553,-0.000027,false,true,0,0,false,false,false,false,false,false,12,0.999957,false,117.871435,0.45774,0.040379,false,
m183,F062,3,normal,public/monsters/m183.webp,91200,d5850bca493a67486540a531d371d05850ee66e8f8bc3be232cbfaf0ca2acc48,640,640,0,255,0.485403,0.465339,0.489048,0.023708,0.970313,0.98125,0.001563,0.017188,0.025,0.004687,0.520122,0.449525,0.020122,-0.050475,false,true,0,0,false,false,false,false,false,false,12,0.99994,false,110.453649,0.472272,0.051743,false,
m184,F063,1,dragon,public/monsters/m184.webp,21498,ccbb3a69ac950cb7e79b08da60990c62b71094a6d1ed543f7779b6b732d56a95,512,512,255,255,0,1,1,0,1,1,0,0,0,0,0.499023,0.499023,-0.000977,-0.000977,true,true,4,4,true,true,true,false,true,false,1,1,false,61.370391,0.593442,0.00722,false,
m185,F063,2,dragon,public/monsters/m185.webp,28258,b3810570d90da6d70ca1b65a9951583eae3d711207441ad56a5b7e1af26214f3,512,512,255,255,0,1,1,0,1,1,0,0,0,0,0.499023,0.499023,-0.000977,-0.000977,true,true,4,4,true,true,true,false,true,false,1,1,false,73.436573,0.48388,0.009794,false,
m186,F063,3,dragon,public/monsters/m186.webp,40230,0207273ee81a29ae4c6da1d03430aa99783c6ba27cc0bb95fb4c64b1d91eb209,512,512,255,255,0,1,1,0,1,1,0,0,0,0,0.499023,0.499023,-0.000977,-0.000977,true,true,4,4,true,true,true,false,true,false,1,1,false,83.000237,0.385701,0.014441,false,
m187,F064,1,dragon,public/monsters/m187.webp,27970,f339b4dc1260351b71764fd6362b10c7bd9ca8abcfdd5609dd4bc178eb8cf6b9,512,512,255,255,0,1,1,0,1,1,0,0,0,0,0.499023,0.499023,-0.000977,-0.000977,true,true,4,4,true,true,true,false,true,false,1,1,false,88.152658,0.309592,0.010726,false,
m188,F064,2,dragon,public/monsters/m188.webp,35970,415e4033798566426e26f96c236c3857f01667f2aa676bf143f39f941fc94168,512,512,255,255,0,1,1,0,1,1,0,0,0,0,0.499023,0.499023,-0.000977,-0.000977,true,true,4,4,true,true,true,false,true,false,1,1,false,104.738934,0.299657,0.013725,false,
m189,F064,3,dragon,public/monsters/m189.webp,51046,8850a8b0395eb1977098c8d4327917c9e00df5443d34013bf371be5072559a29,512,512,255,255,0,1,1,0,1,1,0,0,0,0,0.499023,0.499023,-0.000977,-0.000977,true,true,4,4,true,true,true,false,true,false,1,1,false,119.68236,0.352097,0.019914,false,
m190,F065,1,dragon,public/monsters/m190.webp,36296,7fd1246fc4cfdaa05126f55cd3403bd76590bac9893455b83c970b6cb535e176,512,512,255,255,0,1,1,0,1,1,0,0,0,0,0.499023,0.499023,-0.000977,-0.000977,true,true,4,4,true,true,true,false,true,false,1,1,false,68.689087,0.351443,0.015839,false,
m191,F065,2,dragon,public/monsters/m191.webp,45278,b67c2eaf1423445a1f239c3e55485035dac6bfa0fc2bdb4a7305dcae5d86ed85,512,512,255,255,0,1,1,0,1,1,0,0,0,0,0.499023,0.499023,-0.000977,-0.000977,true,true,4,4,true,true,true,false,true,false,1,1,false,76.427284,0.306387,0.019152,false,
m192,F065,3,dragon,public/monsters/m192.webp,55312,0ba9a5883ef4bcd2d6fab41e7fa692883847d73d572c385ad4ea8cb8bd281881,512,512,255,255,0,1,1,0,1,1,0,0,0,0,0.499023,0.499023,-0.000977,-0.000977,true,true,4,4,true,true,true,false,true,false,1,1,false,80.654419,0.349475,0.022954,false,
m193,F066,1,psychic,public/monsters/m193.webp,53634,102d76fcb1b3bec5c37f69c772cf44c3a77560ba87cc7d3247e9bcd561fe1e57,512,512,255,255,0,1,1,0,1,1,0,0,0,0,0.499023,0.499023,-0.000977,-0.000977,true,true,4,4,true,true,true,true,false,false,1,1,false,214.709343,0.133513,0.026707,false,
m194,F066,2,psychic,public/monsters/m194.webp,51482,4f28e1bc9d4e153a06a3b487a0733eabb5e999c505edb20867c4c6ddea79a28f,512,512,255,255,0,1,1,0,1,1,0,0,0,0,0.499023,0.499023,-0.000977,-0.000977,true,true,4,4,true,true,true,true,false,false,1,1,false,224.830784,0.112637,0.02259,false,
m195,F066,3,psychic,public/monsters/m195.webp,45372,e0658be9b2478370bc1b7acabd8caaee1e728c7e5f922404f57149a7adf93545,512,512,255,255,0,1,1,0,1,1,0,0,0,0,0.499023,0.499023,-0.000977,-0.000977,true,true,4,4,true,true,true,true,false,false,1,1,false,222.562787,0.112751,0.02036,false,
m196,F067,1,steel,public/monsters/m196.webp,55620,4cc9174210b5e89c5487302c2c3b239f2091273e9db0837e2c530102a304a582,512,512,0,255,0.772308,0.197624,0.212925,0.015301,0.609375,0.869141,0.072266,0.058594,0.220703,0.169922,0.490935,0.469511,-0.009065,-0.030489,false,false,0,0,false,false,false,false,false,false,5,0.999928,false,117.26073,0.328836,0.094267,false,
m197,F067,2,steel,public/monsters/m197.webp,86742,51abc64417b7dabbd49746c69d7d5f5ec0becee06d5fe2d4267d5c53c2e11b82,512,512,0,255,0.637066,0.317154,0.34132,0.024166,0.896484,0.892578,0.048828,0.058594,0.050781,0.052734,0.523275,0.451898,0.023275,-0.048102,false,false,0,0,false,false,false,false,false,false,9,0.999911,false,122.556794,0.422578,0.095513,false,
m198,F067,3,steel,public/monsters/m198.webp,100208,43c88796607364e02ae47f721573b0fcd1d4d143b8da34603c48d8ebe55559db,512,512,0,255,0.590893,0.354408,0.383648,0.02924,0.898438,0.886719,0.056641,0.056641,0.048828,0.052734,0.484483,0.466296,-0.015517,-0.033704,false,false,0,0,false,false,false,false,false,false,23,0.999771,false,124.886766,0.491463,0.092815,false,
m199,F068,1,steel,public/monsters/m199.webp,92936,1a69478a2c4b4dcfc52aeefa2bf8ecc5046026266ad386422d2f6a8c436a4643,512,512,0,255,0.509003,0.402706,0.474865,0.072159,0.896484,0.894531,0.052734,0.052734,0.050781,0.052734,0.548021,0.499939,0.048021,-0.000061,false,false,0,0,false,false,false,false,false,false,4,0.999976,false,133.304583,0.321071,0.061239,false,
m200,F068,2,steel,public/monsters/m200.webp,87398,da152a4918eadc7ce3412f2bb7c09448722ce0d1a10b49e59c1eb81a2e9b07f1,512,512,0,255,0.631218,0.308151,0.355713,0.047562,0.783203,0.898438,0.050781,0.050781,0.107422,0.109375,0.545446,0.497469,0.045446,-0.002531,false,false,0,0,false,false,false,false,false,false,1,1,false,132.611323,0.307336,0.08395,false,
m201,F068,3,steel,public/monsters/m201.webp,105456,0c17ada239b928ba4f442324c50504e8287c6068823af1af568f5e79807d728c,512,512,0,255,0.584148,0.34882,0.397446,0.048626,0.839844,0.898438,0.050781,0.050781,0.080078,0.080078,0.551884,0.508282,0.051884,0.008282,false,false,0,0,false,false,false,false,false,false,1,1,false,131.265843,0.308223,0.085954,false,
m202,F069,1,ghost,public/monsters/m202.webp,48400,d57ba9cded206ee98ee1aa8d09bb4e70a35ca0a93bfbf2fce953967adfadd4c2,512,512,0,255,0.913349,0.057091,0.071297,0.014206,0.289063,0.501953,0.349609,0.148438,0.324219,0.386719,0.469341,0.625862,-0.030659,0.125862,false,false,0,0,false,false,false,false,false,false,8,0.884912,true,154.980536,0.546574,0.05496,false,
m203,F069,2,ghost,public/monsters/m203.webp,81378,ebed98347208b38e63bd8d200669f3899c274f313a3f0d5993f574b9013bb883,512,512,0,255,0.865719,0.108322,0.134281,0.025959,0.457031,0.671875,0.197266,0.130859,0.269531,0.273438,0.484357,0.537408,-0.015643,0.037408,false,false,0,0,false,false,false,false,false,false,8,0.931934,false,135.329551,0.60346,0.058146,false,
m204,F069,3,ghost,public/monsters/m204.webp,182170,1203cdb9203f7b27b99ff1727f66baf044fb740ae8fbd4e8c4f04119348750cb,512,512,0,255,0.682438,0.227829,0.27792,0.050091,0.501953,0.890625,0.054688,0.054688,0.246094,0.251953,0.509566,0.511385,0.009566,0.011385,false,false,0,0,false,false,false,false,false,false,36,0.970009,false,124.934055,0.5868,0.06045,false,
m205,F070,1,dark,public/monsters/m205.webp,220312,f0de78f2d5a0fe87e16946b36708bb4123b3ba238d764f49907075b2e58693fe,512,512,255,255,0,1,1,0,1,1,0,0,0,0,0.499023,0.499023,-0.000977,-0.000977,true,true,4,4,true,true,true,true,false,false,1,1,false,171.570733,0.078862,0.025234,false,
m206,F070,2,dark,public/monsters/m206.webp,225768,36ec58bef3369f1e31f4a7c195995dfd601e960d511f5d6a67fde0c71d8fe32a,512,512,255,255,0,1,1,0,1,1,0,0,0,0,0.499023,0.499023,-0.000977,-0.000977,true,true,4,4,true,true,true,true,false,false,1,1,false,182.992808,0.068511,0.023675,false,
m207,F070,3,dark,public/monsters/m207.webp,259764,bf836c8e2fb60066a6823d609ffe02e25c492a4a048dafcb474e2cd1b70dd3e5,512,512,255,255,0,1,1,0,1,1,0,0,0,0,0.499023,0.499023,-0.000977,-0.000977,true,true,4,4,true,true,true,true,false,false,1,1,false,157.78642,0.143209,0.034465,false,
m208,F071,1,fairy,public/monsters/m208.webp,41856,0b6a5edddd3ed0c984df4a34e6367cf5b46d31dc075a154f80f0eef2bad6649f,512,512,255,255,0,1,1,0,1,1,0,0,0,0,0.499023,0.499023,-0.000977,-0.000977,true,true,4,4,true,true,true,true,false,false,1,1,false,239.610051,0.056583,0.014424,false,
m209,F071,2,fairy,public/monsters/m209.webp,70724,b4c09f6b0a7106f6e0e3ce69236d620f2dd7999cbb7985ef54987d9902492523,512,512,255,255,0,1,1,0,1,1,0,0,0,0,0.499023,0.499023,-0.000977,-0.000977,true,true,4,4,true,true,true,true,false,false,1,1,false,232.09363,0.076865,0.028745,false,
m210,F071,3,fairy,public/monsters/m210.webp,73424,283f9b54b5c35be26f1748461c155e4c99c0ecba3da544ce92d3f7ed4adff8c2,512,512,255,255,0,1,1,0,1,1,0,0,0,0,0.499023,0.499023,-0.000977,-0.000977,true,true,4,4,true,true,true,true,false,false,1,1,false,230.829002,0.074689,0.03178,false,
m211,F072,1,fire,public/monsters/m211.webp,146914,b6b6db53c407f698ab01ef5f59a9fd92099fa111de3fee51c04c4bc49effd5c2,512,512,0,255,0.63089,0.252747,0.340157,0.08741,0.748047,0.794922,0.101563,0.103516,0.125,0.126953,0.434509,0.501336,-0.065491,0.001336,false,false,0,0,false,false,false,false,false,false,59,0.997757,false,134.243036,0.777167,0.01937,false,
m212,F072,2,fire,public/monsters/m212.webp,172656,c6a29cc028ba0db9d57c6c46d699ba65097f0171920bf255ea4c2f72a823f626,512,512,0,255,0.674278,0.182739,0.298695,0.115955,0.816406,0.638672,0.181641,0.179688,0.091797,0.091797,0.511487,0.491964,0.011487,-0.008036,false,false,0,0,false,false,false,false,false,false,99,0.998072,false,107.863675,0.803652,0.029705,false,
m213,F072,3,fire,public/monsters/m213.webp,152480,5832f802ef80fae73dbde009828db91b112d92c2701efd6d0f8d1ce1f54a3851,512,512,0,255,0.740749,0.142429,0.240032,0.097603,0.835938,0.5,0.240234,0.259766,0.082031,0.082031,0.553347,0.422194,0.053347,-0.077806,false,false,0,0,false,false,false,false,false,false,102,0.997616,true,97.701292,0.844066,0.03695,false,
m214,F073,1,water,public/monsters/m214.webp,230290,b1e8c183f263f092f49cae3e5ceddfd195267d3cd052bbf2d9528ce5333d900e,512,512,0,255,0.582584,0.360107,0.386803,0.026695,0.769531,0.974609,0.009766,0.015625,0.126953,0.103516,0.534101,0.489424,0.034101,-0.010576,false,true,0,0,false,false,false,false,false,false,33,0.972445,false,181.299081,0.54523,0.061583,false,
m215,F073,2,water,public/monsters/m215.webp,272622,642030e5abe6493f53838767ec2aff0b3949ac9353d2d396f20ca7db7abb817d,512,512,0,255,0.503288,0.42141,0.460629,0.039219,0.818359,1,0,0,0.105469,0.076172,0.537541,0.500073,0.037541,0.000073,true,true,2,0,false,false,false,false,false,false,32,0.996166,false,186.668534,0.536458,0.063887,false,
m216,F073,3,water,public/monsters/m216.webp,323572,1f32e4647ede4418d35ccdc305ca8e2101a4f371b5a6ff0a704f2ea5875f8c35,512,512,0,255,0.420769,0.471962,0.524242,0.05228,0.935547,0.996094,0.003906,0,0.035156,0.029297,0.538038,0.506961,0.038038,0.006961,true,true,1,0,false,false,false,false,false,false,94,0.98413,false,185.86337,0.547189,0.065764,false,
m217,F074,1,electric,public/monsters/m217.webp,62138,8d17227dbc5c742ca7fe04b27b38df5c4e4a03c6a151d87c7b6167485495b9a3,512,512,0,255,0.722614,0.242813,0.260868,0.018055,0.75,0.796875,0.09375,0.109375,0.134766,0.115234,0.491517,0.511555,-0.008483,0.011555,false,false,0,0,false,false,false,false,false,false,13,0.937735,false,164.710232,0.610214,0.0551,false,
m218,F074,2,electric,public/monsters/m218.webp,72090,7bdbb73f27a8856391665acc18960071684864c1b533a0265893da9a47512654,512,512,0,255,0.771877,0.1604,0.189068,0.028667,0.697266,0.5,0.251953,0.248047,0.199219,0.103516,0.553452,0.507809,0.053452,0.007809,false,false,0,0,false,false,false,false,false,false,49,0.955471,true,163.354714,0.672705,0.082286,false,
m219,F074,3,electric,public/monsters/m219.webp,61562,b63717b26bbedb47d70aad88556b42862b95dc0946b8793f0385bfbabdea6776,512,512,0,255,0.816143,0.135124,0.161522,0.026398,0.613281,0.498047,0.246094,0.255859,0.234375,0.152344,0.555706,0.501338,0.055706,0.001338,false,false,0,0,false,false,false,false,false,false,31,0.965731,true,159.511722,0.675098,0.080907,false,
m220,F075,1,fight,public/monsters/m220.webp,33742,df1f65775dfa2fe4ead3143790f5b6fd50411d2d220cb8729083a0e77f0386d7,512,512,255,255,0,1,1,0,1,1,0,0,0,0,0.499023,0.499023,-0.000977,-0.000977,true,true,4,4,true,true,true,true,false,false,1,1,false,211.043233,0.094284,0.021209,false,
m221,F075,2,fight,public/monsters/m221.webp,41658,92b157d4a0c96fdc4eecb4d1deb281cf56d10a1fbaa204be88ceea44e1471444,512,512,255,255,0,1,1,0,1,1,0,0,0,0,0.499023,0.499023,-0.000977,-0.000977,true,true,4,4,true,true,true,true,false,false,1,1,false,188.155977,0.125419,0.023403,false,
m222,F075,3,fight,public/monsters/m222.webp,56354,dca379585ab3dfd36c949d6b1cca66a70e2984e73c02642bc97c4a1235731716,512,512,255,255,0,1,1,0,1,1,0,0,0,0,0.499023,0.499023,-0.000977,-0.000977,true,true,4,4,true,true,true,true,false,false,1,1,false,182.500473,0.156477,0.032438,false,
m223,F076,1,flying,public/monsters/m223.webp,197504,fb11592178e2ffbf025cf70b455ef8948426ddea9a16979f8a1623977b031095,512,512,0,255,0.547092,0.37537,0.403088,0.027718,0.921875,0.832031,0.078125,0.089844,0.037109,0.041016,0.523141,0.503449,0.023141,0.003449,false,false,0,0,false,false,false,false,false,false,26,0.979937,false,202.845486,0.324091,0.04052,false,
m224,F076,2,flying,public/monsters/m224.webp,227020,5f865e962d9f5d8dffe5e3dbad5a4edfc353495513e4112ee295af74302971f5,512,512,0,255,0.490486,0.440933,0.473923,0.03299,0.958984,0.925781,0.035156,0.039063,0.017578,0.023438,0.531798,0.507585,0.031798,0.007585,false,false,0,0,false,false,false,false,false,false,32,0.988868,false,205.42486,0.332735,0.035303,false,
m225,F076,3,flying,public/monsters/m225.webp,274256,9129fe6c07664e349b751b87e6675f883dfe5ac1e86f9a953f86ab54bc41462b,512,512,0,255,0.422997,0.491184,0.530479,0.039295,0.978516,0.970703,0.015625,0.013672,0.009766,0.011719,0.504075,0.508766,0.004075,0.008766,false,true,0,0,false,false,false,false,false,false,45,0.99068,false,205.040256,0.330676,0.041403,false,
m226,F077,1,bug,public/monsters/m226.webp,164572,5280f2b4ebd5dc6e23c0629b59fb07fbaf66069ba0df741104121f854ba9d5eb,512,512,0,255,0.70327,0.256172,0.276978,0.020805,0.943359,0.826172,0.091797,0.082031,0.041016,0.015625,0.52574,0.470212,0.02574,-0.029788,false,false,0,0,false,false,false,false,false,false,4,0.999945,false,74.184481,0.677628,0.065267,false,
m227,F077,2,bug,public/monsters/m227.webp,226790,7da6cd61ade498075b76589c9ce7a77f06d2ab5e2b764db5781ac6a96e6c2f38,512,512,0,255,0.602512,0.346188,0.373322,0.027134,0.980469,0.892578,0.0625,0.044922,0.013672,0.005859,0.52389,0.478269,0.02389,-0.021731,false,true,0,0,false,false,false,false,false,false,8,0.999888,false,76.51572,0.728678,0.065897,false,
m228,F077,3,bug,public/monsters/m228.webp,311026,3a92454ac96d4df18147a53ebeb488731c3732db09d79683d506d07d1d01113c,512,512,0,255,0.485046,0.444,0.481316,0.037315,0.980469,0.988281,0.003906,0.007813,0.009766,0.009766,0.547187,0.465296,0.047187,-0.034704,false,true,0,0,false,false,false,false,false,false,15,0.999881,false,90.6122,0.754517,0.080031,false,
m229,F078,1,poison,public/monsters/m229.webp,22042,8e8005b11ae00b4fcf1cd069b59973180862e1e7b598c0295f8f983293789503,512,512,255,255,0,1,1,0,1,1,0,0,0,0,0.499023,0.499023,-0.000977,-0.000977,true,true,4,4,true,true,true,false,true,false,1,1,false,88.155652,0.31978,0.011775,false,
m230,F078,2,poison,public/monsters/m230.webp,107110,b9acc60c0b78f5e4c2104cabeeec52a934ebf5b0d9d6dbd5452be89b73d268fc,512,512,0,255,0.452915,0.459492,0.510433,0.050941,0.998047,0.990234,0.001953,0.007813,0.001953,0,0.489962,0.5019,-0.010038,0.0019,true,true,1,0,false,false,false,false,false,false,1,1,false,103.639317,0.603454,0.051731,false,
m231,F078,3,poison,public/monsters/m231.webp,139894,d75fed6ce3016eecc28d8ae625b1f28b70e6da926c03f0ff7f7fa2a79bdf36cb,512,512,0,255,0.314487,0.566723,0.634464,0.067741,0.998047,0.998047,0.001953,0,0.001953,0,0.501472,0.481579,0.001472,-0.018421,true,true,2,0,false,false,false,false,false,false,1,1,false,107.684004,0.64249,0.056891,false,
m232,F079,1,normal,public/monsters/m232.webp,4732,cbec17f576fed62d600dfcade16239764455481f56867b09e5483ab9d31a1293,640,640,0,255,0.963835,0.036165,0.036165,0,0.209375,0.245312,0.376563,0.378125,0.395313,0.395313,0.500644,0.503666,0.000644,0.003666,false,false,0,0,false,false,false,false,false,false,4,0.999662,true,114.602759,0.506197,0.041924,false,
m233,F079,2,normal,public/monsters/m233.webp,4902,1ccf6d7a21f81eb109bf9c08711ec2172e26ed1e58e9e2db4a4bd7fbe525eb7d,640,640,0,255,0.967793,0.032207,0.032207,0,0.365625,0.303125,0.348438,0.348438,0.317188,0.317188,0.520255,0.493579,0.020255,-0.006421,false,false,0,0,false,false,false,false,false,false,11,0.919118,true,151.799247,0.339574,0.04816,false,
m234,F079,3,normal,public/monsters/m234.webp,6822,547a96030f47d146b4728d62773c44e30cbd0ad0795abf7a8b560970807baf97,640,640,0,255,0.94436,0.05564,0.05564,0,0.376563,0.370312,0.314063,0.315625,0.310937,0.3125,0.532517,0.52106,0.032517,0.02106,false,false,0,0,false,false,false,false,false,false,13,0.98631,true,151.397996,0.342817,0.042911,false,
m235,F080,1,grass,public/monsters/m235.webp,33298,a5c1defafa948bba4e46bfa1548a1ec72dfb09a165279c9c3225827fb8afb95d,512,512,255,255,0,1,1,0,1,1,0,0,0,0,0.499023,0.499023,-0.000977,-0.000977,true,true,4,4,true,true,true,true,false,false,1,1,false,226.167953,0.079264,0.021042,false,
m236,F081,1,psychic,public/monsters/m236.webp,47994,a7dc19a20cb53432bce2877562e35bfd557b4ffa9aa045e2bff9df5b58f1d511,512,512,255,255,0,1,1,0,1,1,0,0,0,0,0.499023,0.499023,-0.000977,-0.000977,true,true,4,4,true,true,true,true,false,false,1,1,false,224.093311,0.102618,0.023976,false,
m237,F082,1,ground,public/monsters/m237.webp,370074,9c2f5290f2253f4366dbe1541294f2890b45b422145c3cfd64b4742e10b73ed4,1024,1024,0,255,0.414721,0.513353,0.548421,0.035068,0.944336,0.947266,0.030273,0.022461,0.023438,0.032227,0.511031,0.544166,0.011031,0.044166,false,false,0,0,false,false,false,false,false,false,104,0.972812,false,102.64647,0.595446,0.069981,false,
m238,F083,1,rock,public/monsters/m238.webp,47690,863d2205ee9af480cf23a2d81ba1629ee1aae19cc3814796078e70eb319d6163,512,512,255,255,0,1,1,0,1,1,0,0,0,0,0.499023,0.499023,-0.000977,-0.000977,true,true,4,4,true,true,true,false,true,false,1,1,false,90.230747,0.225944,0.019283,false,
